order_id,customer_id,category,payment_method,price,order_hour,is_weekend,discount_percent,customer_account_age_days,customer_past_orders,customer_past_return_rate,variants_in_order,delivery_address_change_count,returned
ORD10000,CUST1183,Home & Kitchen,Wallet,1419.18,10,0,5,270,15,0.14,1,0,0
ORD10001,CUST1484,Footwear,COD,5421.07,5,0,10,26,8,0.19,1,0,0
ORD10002,CUST1583,Home & Kitchen,UPI,6581.3,23,1,0,269,15,0.08,1,0,1
ORD10003,CUST1143,Home & Kitchen,Card,4602.37,8,0,20,320,40,0.14,1,0,0
ORD10004,CUST1001,Home & Kitchen,Wallet,3150.07,6,1,5,645,39,0.2,1,0,0
ORD10005,CUST1186,Home & Kitchen,COD,4260.26,6,0,0,859,26,0.21,1,0,1
ORD10006,CUST1140,Beauty,Card,4622.63,17,0,0,64,29,0.0,1,0,0
ORD10007,CUST1162,Home & Kitchen,Netbanking,1589.35,15,0,0,482,40,0.08,1,0,0
ORD10008,CUST1093,Apparel,Netbanking,6772.79,11,1,5,584,11,0.13,1,0,0
ORD10009,CUST1447,Home & Kitchen,UPI,3849.5,11,0,20,684,10,0.03,1,0,0
ORD10010,CUST1580,Footwear,Card,552.67,12,0,0,469,39,0.05,1,0,0
ORD10011,CUST1229,Electronics,UPI,837.86,7,0,5,626,13,0.01,1,0,0
ORD10012,CUST1390,Electronics,Card,1637.71,10,1,0,372,34,0.06,1,0,0
ORD10013,CUST1204,Footwear,Netbanking,2660.04,2,0,5,738,15,0.13,1,0,1
ORD10014,CUST1102,Electronics,UPI,7375.97,19,0,20,734,18,0.01,1,0,0
ORD10015,CUST1205,Footwear,UPI,3779.99,14,1,20,537,7,0.15,1,0,0
ORD10016,CUST1522,Apparel,UPI,2506.8,9,0,10,536,6,0.24,1,0,0
ORD10017,CUST1073,Home & Kitchen,Card,3348.98,19,0,0,552,13,0.22,1,0,0
ORD10018,CUST1276,Beauty,COD,3319.15,18,0,5,293,22,0.18,2,2,1
ORD10019,CUST1386,Apparel,COD,5055.98,0,1,5,684,18,0.07,1,0,0
ORD10020,CUST1020,Apparel,COD,258.68,17,0,0,838,39,0.06,1,0,0
ORD10021,CUST1505,Apparel,COD,3212.19,8,0,30,799,18,0.06,1,0,0
ORD10022,CUST1472,Beauty,Wallet,6723.3,16,0,0,757,25,0.22,1,0,0
ORD10023,CUST1572,Apparel,Wallet,3905.51,12,1,20,455,9,0.14,1,0,1
ORD10024,CUST1500,Apparel,COD,6592.98,13,1,0,232,30,0.09,1,0,0
ORD10025,CUST1281,Apparel,Netbanking,5732.88,23,0,20,444,7,0.04,1,0,1
ORD10026,CUST1491,Footwear,COD,1531.8,18,0,10,674,25,0.04,3,0,1
ORD10027,CUST1513,Apparel,Card,2801.43,13,0,20,474,23,0.19,1,0,0
ORD10028,CUST1542,Footwear,Card,1744.71,20,0,30,315,2,0.25,1,0,1
ORD10029,CUST1092,Footwear,UPI,5335.19,3,1,0,238,17,0.24,1,0,1
ORD10030,CUST1284,Beauty,Netbanking,1198.35,11,0,20,687,5,0.0,1,0,0
ORD10031,CUST1332,Footwear,Card,2207.49,6,1,30,105,37,0.03,1,0,0
ORD10032,CUST1419,Electronics,Wallet,5508.23,23,0,30,732,20,0.24,1,0,1
ORD10033,CUST1499,Apparel,Wallet,7927.6,14,0,0,364,38,0.18,1,0,1
ORD10034,CUST1069,Home & Kitchen,Netbanking,3805.57,6,1,10,267,8,0.18,1,1,1
ORD10035,CUST1407,Footwear,Card,1270.06,13,0,20,789,15,0.07,1,1,0
ORD10036,CUST1177,Electronics,Wallet,1565.79,2,0,0,838,21,0.15,1,0,0
ORD10037,CUST1562,Apparel,Netbanking,4928.47,2,0,10,658,1,0.12,1,1,0
ORD10038,CUST1374,Electronics,UPI,236.66,10,0,10,355,10,0.16,1,0,0
ORD10039,CUST1214,Home & Kitchen,Netbanking,5726.78,17,0,5,115,38,0.11,1,0,0
ORD10040,CUST1066,Apparel,Wallet,2582.93,12,0,0,577,7,0.12,1,0,0
ORD10041,CUST1347,Beauty,Card,4696.76,9,1,0,627,7,0.1,1,0,0
ORD10042,CUST1347,Home & Kitchen,Wallet,4969.28,22,0,0,627,7,0.1,1,0,0
ORD10043,CUST1136,Electronics,Netbanking,631.01,4,1,0,555,40,0.01,1,0,0
ORD10044,CUST1161,Beauty,UPI,5069.52,19,0,10,194,12,0.09,1,0,0
ORD10045,CUST1450,Home & Kitchen,UPI,5931.58,0,1,0,3,36,0.07,1,0,0
ORD10046,CUST1575,Footwear,COD,7236.3,11,1,20,768,4,0.14,1,0,1
ORD10047,CUST1129,Footwear,Wallet,4761.32,4,1,30,303,1,0.16,3,0,1
ORD10048,CUST1275,Apparel,Wallet,232.62,14,0,0,696,8,0.01,1,0,0
ORD10049,CUST1592,Footwear,Netbanking,4220.67,8,0,30,645,5,0.13,1,0,0
ORD10050,CUST1375,Footwear,Card,7367.45,3,0,20,464,36,0.15,1,0,0
ORD10051,CUST1342,Beauty,Netbanking,7653.31,9,1,0,549,35,0.13,1,0,1
ORD10052,CUST1505,Beauty,Netbanking,3428.12,17,0,5,799,18,0.06,1,0,0
ORD10053,CUST1474,Apparel,COD,4952.92,16,1,30,217,39,0.01,1,0,0
ORD10054,CUST1207,Footwear,COD,1417.11,15,0,0,451,33,0.02,1,0,0
ORD10055,CUST1221,Apparel,Card,2503.32,1,1,5,784,37,0.12,1,0,1
ORD10056,CUST1443,Footwear,Wallet,6854.34,7,1,20,221,28,0.2,1,0,1
ORD10057,CUST1268,Home & Kitchen,UPI,2103.77,12,0,5,525,30,0.01,2,0,0
ORD10058,CUST1459,Footwear,Netbanking,1943.72,6,1,5,655,34,0.1,1,0,0
ORD10059,CUST1352,Home & Kitchen,UPI,4324.93,1,0,10,513,6,0.1,1,0,0
ORD10060,CUST1174,Apparel,Netbanking,7546.52,6,0,0,428,21,0.08,1,0,0
ORD10061,CUST1487,Home & Kitchen,UPI,7663.84,0,1,0,149,6,0.15,2,0,0
ORD10062,CUST1140,Beauty,COD,3721.42,12,0,0,64,29,0.0,1,0,0
ORD10063,CUST1500,Footwear,Netbanking,6666.86,6,0,0,232,30,0.09,1,0,0
ORD10064,CUST1138,Electronics,COD,3562.78,9,0,5,329,13,0.1,1,0,0
ORD10065,CUST1583,Beauty,Wallet,1337.18,18,0,5,269,15,0.08,1,0,0
ORD10066,CUST1213,Apparel,Netbanking,3767.64,14,0,0,701,33,0.19,1,0,1
ORD10067,CUST1469,Apparel,Card,1135.55,2,0,0,18,24,0.02,2,0,0
ORD10068,CUST1566,Footwear,COD,7347.7,19,0,30,793,18,0.16,1,0,1
ORD10069,CUST1355,Home & Kitchen,UPI,6784.92,4,0,5,561,20,0.1,1,0,0
ORD10070,CUST1524,Footwear,Netbanking,1797.51,0,0,0,207,40,0.56,1,0,1
ORD10071,CUST1015,Electronics,Wallet,2880.85,5,0,30,21,13,0.05,1,0,0
ORD10072,CUST1269,Footwear,COD,5996.74,21,1,20,353,16,0.1,1,0,0
ORD10073,CUST1263,Apparel,COD,5924.9,1,0,0,107,1,0.08,1,0,0
ORD10074,CUST1145,Home & Kitchen,COD,1675.23,0,0,30,410,3,0.05,1,0,0
ORD10075,CUST1237,Beauty,Wallet,2726.03,12,0,5,370,3,0.04,1,0,0
ORD10076,CUST1230,Apparel,Card,3062.05,13,1,20,352,36,0.17,1,0,0
ORD10077,CUST1036,Footwear,Wallet,6334.84,19,1,0,31,19,0.15,1,0,1
ORD10078,CUST1300,Apparel,Wallet,3292.44,14,0,20,593,20,0.11,1,0,1
ORD10079,CUST1207,Apparel,Card,5357.17,5,0,0,451,33,0.02,1,0,0
ORD10080,CUST1491,Home & Kitchen,Wallet,1298.35,16,0,30,674,25,0.04,1,0,1
ORD10081,CUST1306,Beauty,COD,4481.06,6,1,5,385,38,0.14,1,0,0
ORD10082,CUST1562,Footwear,COD,7641.22,16,0,5,658,1,0.12,1,0,1
ORD10083,CUST1017,Electronics,Wallet,6070.94,19,1,10,304,24,0.02,1,0,0
ORD10084,CUST1561,Electronics,Wallet,2295.91,21,0,0,701,16,0.74,1,0,0
ORD10085,CUST1170,Home & Kitchen,Wallet,5037.12,9,1,0,808,18,0.21,1,0,0
ORD10086,CUST1529,Footwear,COD,892.32,14,1,0,297,7,0.89,1,0,1
ORD10087,CUST1470,Footwear,COD,3081.03,9,0,0,252,31,0.25,1,0,0
ORD10088,CUST1003,Beauty,Wallet,3512.88,6,0,20,631,10,0.16,1,0,0
ORD10089,CUST1047,Footwear,Netbanking,2886.51,15,1,0,145,3,0.89,1,0,1
ORD10090,CUST1276,Home & Kitchen,Wallet,5176.84,20,0,0,293,22,0.18,1,0,0
ORD10091,CUST1260,Home & Kitchen,Netbanking,4074.8,8,0,20,277,14,0.06,1,0,0
ORD10092,CUST1410,Home & Kitchen,Wallet,1325.03,17,0,0,244,39,0.07,1,0,1
ORD10093,CUST1126,Apparel,Wallet,611.34,8,0,0,406,37,0.1,1,0,0
ORD10094,CUST1169,Electronics,UPI,5538.8,12,0,10,351,19,0.16,1,0,0
ORD10095,CUST1245,Beauty,UPI,7300.86,21,0,10,869,1,0.19,1,0,1
ORD10096,CUST1437,Home & Kitchen,Card,1761.82,15,0,10,2,31,0.1,1,0,1
ORD10097,CUST1247,Apparel,Card,2780.6,12,0,0,362,7,0.88,2,0,1
ORD10098,CUST1032,Electronics,Card,7971.82,14,1,30,80,26,0.24,1,0,0
ORD10099,CUST1105,Apparel,UPI,856.55,17,1,5,774,15,0.01,1,0,0
ORD10100,CUST1473,Beauty,Wallet,2010.72,22,0,30,275,28,0.05,1,0,0
ORD10101,CUST1019,Apparel,Card,843.0,7,1,20,589,8,0.22,1,2,1
ORD10102,CUST1463,Electronics,UPI,4039.44,12,1,10,565,17,0.2,1,0,0
ORD10103,CUST1324,Apparel,Wallet,6731.43,12,1,5,735,23,0.85,2,0,1
ORD10104,CUST1150,Home & Kitchen,Wallet,2177.92,12,1,5,55,9,0.14,1,0,0
ORD10105,CUST1435,Beauty,COD,4498.56,3,0,20,719,21,0.07,1,0,0
ORD10106,CUST1491,Apparel,COD,1416.72,20,0,10,674,25,0.04,2,0,1
ORD10107,CUST1570,Electronics,COD,5878.67,23,0,0,702,30,0.23,1,0,1
ORD10108,CUST1238,Apparel,Wallet,6184.34,7,0,0,741,7,0.01,1,0,0
ORD10109,CUST1189,Footwear,UPI,6203.45,9,0,20,313,37,0.22,1,0,0
ORD10110,CUST1592,Home & Kitchen,Netbanking,3799.29,17,0,0,645,5,0.13,1,0,0
ORD10111,CUST1565,Beauty,Card,4768.22,2,0,0,597,15,0.22,1,0,0
ORD10112,CUST1361,Home & Kitchen,Card,1543.63,22,1,0,436,23,0.1,1,0,0
ORD10113,CUST1439,Beauty,UPI,6188.12,23,0,10,28,17,0.13,1,0,0
ORD10114,CUST1321,Footwear,COD,3459.1,17,0,10,286,38,0.05,1,2,1
ORD10115,CUST1551,Footwear,UPI,7242.28,2,0,5,399,12,0.07,1,0,1
ORD10116,CUST1305,Electronics,Wallet,6625.13,5,0,0,707,29,0.11,1,0,0
ORD10117,CUST1296,Footwear,Netbanking,2201.1,1,0,20,760,11,0.05,1,0,0
ORD10118,CUST1388,Apparel,Wallet,4650.57,5,0,30,842,34,0.21,1,0,0
ORD10119,CUST1506,Apparel,COD,3845.43,6,0,20,300,19,0.64,1,0,1
ORD10120,CUST1481,Footwear,Netbanking,535.56,17,0,0,445,3,0.12,1,0,0
ORD10121,CUST1537,Home & Kitchen,Netbanking,6602.18,4,0,30,167,39,0.56,1,0,0
ORD10122,CUST1249,Footwear,Netbanking,5527.69,5,1,0,292,31,0.18,1,0,1
ORD10123,CUST1342,Electronics,COD,2095.06,5,0,0,549,35,0.13,1,0,0
ORD10124,CUST1180,Home & Kitchen,Card,7060.38,22,0,5,675,8,0.08,1,0,0
ORD10125,CUST1469,Apparel,UPI,3042.17,10,0,5,18,24,0.02,3,0,1
ORD10126,CUST1496,Apparel,UPI,1351.91,21,0,30,808,36,0.07,3,0,0
ORD10127,CUST1248,Electronics,Wallet,2618.71,10,0,0,93,27,0.03,1,0,0
ORD10128,CUST1081,Electronics,Netbanking,6614.68,22,0,0,629,32,0.23,1,0,0
ORD10129,CUST1238,Footwear,Netbanking,2437.72,3,0,30,741,7,0.01,1,0,1
ORD10130,CUST1096,Home & Kitchen,UPI,4356.96,21,0,5,385,0,0.02,1,0,0
ORD10131,CUST1316,Electronics,COD,416.09,1,0,0,816,9,0.2,1,0,0
ORD10132,CUST1076,Home & Kitchen,COD,7999.91,17,1,5,200,6,0.03,1,0,1
ORD10133,CUST1467,Home & Kitchen,Wallet,527.61,9,0,10,587,15,0.1,1,0,0
ORD10134,CUST1533,Electronics,COD,3260.94,0,0,30,513,0,0.12,1,0,0
ORD10135,CUST1557,Apparel,Wallet,6465.49,3,0,20,801,29,0.13,1,0,0
ORD10136,CUST1460,Footwear,Netbanking,4017.92,7,0,0,81,7,0.11,1,0,0
ORD10137,CUST1487,Beauty,COD,5925.1,16,0,10,149,6,0.15,1,0,0
ORD10138,CUST1479,Footwear,COD,7217.91,22,0,0,729,25,0.0,1,0,1
ORD10139,CUST1046,Beauty,Netbanking,2444.01,1,0,0,140,25,0.11,1,0,0
ORD10140,CUST1399,Footwear,Netbanking,7624.67,5,0,0,575,5,0.03,1,0,1
ORD10141,CUST1190,Footwear,COD,520.96,20,1,0,895,25,0.24,1,0,1
ORD10142,CUST1467,Footwear,UPI,5262.84,14,0,30,587,15,0.1,1,0,1
ORD10143,CUST1087,Beauty,UPI,1112.64,23,1,0,863,40,0.23,1,0,0
ORD10144,CUST1076,Electronics,Wallet,1067.43,1,0,0,200,6,0.03,1,0,0
ORD10145,CUST1083,Home & Kitchen,Card,3244.91,15,1,0,698,29,0.02,1,0,0
ORD10146,CUST1164,Home & Kitchen,Card,6145.76,8,1,10,858,29,0.15,1,0,0
ORD10147,CUST1579,Apparel,Wallet,5972.98,20,0,10,315,26,0.05,1,0,0
ORD10148,CUST1456,Footwear,COD,4783.39,4,1,10,37,6,0.22,1,0,1
ORD10149,CUST1473,Beauty,Wallet,7554.31,16,0,0,275,28,0.05,1,0,0
ORD10150,CUST1281,Electronics,COD,4506.1,10,0,30,444,7,0.04,1,0,0
ORD10151,CUST1064,Electronics,Netbanking,387.37,15,0,0,587,31,0.05,1,0,0
ORD10152,CUST1219,Apparel,Wallet,4984.28,17,0,0,656,34,0.75,1,0,1
ORD10153,CUST1131,Footwear,Wallet,1415.55,15,1,10,87,1,0.16,1,0,1
ORD10154,CUST1445,Electronics,COD,6016.08,6,0,20,311,15,0.01,1,0,0
ORD10155,CUST1306,Electronics,COD,233.92,11,0,0,385,38,0.14,1,0,0
ORD10156,CUST1396,Beauty,Wallet,4039.0,11,0,0,534,34,0.02,1,0,0
ORD10157,CUST1590,Apparel,Netbanking,7845.18,12,0,0,659,2,0.06,1,0,1
ORD10158,CUST1484,Apparel,COD,390.7,10,1,20,26,8,0.19,1,0,1
ORD10159,CUST1173,Beauty,COD,912.1,3,0,0,28,40,0.16,1,0,1
ORD10160,CUST1146,Beauty,UPI,3261.63,12,1,20,814,33,0.19,1,0,1
ORD10161,CUST1105,Home & Kitchen,Netbanking,1913.16,19,0,0,774,15,0.01,1,0,0
ORD10162,CUST1380,Apparel,Wallet,3939.04,23,1,10,105,19,0.13,1,0,0
ORD10163,CUST1451,Footwear,Netbanking,3776.03,0,0,5,729,22,0.01,1,0,0
ORD10164,CUST1550,Beauty,Card,4054.49,9,0,0,800,3,0.11,1,0,1
ORD10165,CUST1409,Electronics,UPI,941.01,13,1,10,154,13,0.06,1,0,0
ORD10166,CUST1191,Home & Kitchen,Card,7351.91,8,0,0,559,19,0.16,1,1,1
ORD10167,CUST1028,Beauty,Card,6974.07,22,0,0,144,37,0.01,1,0,0
ORD10168,CUST1518,Electronics,Wallet,7557.18,12,1,0,560,37,0.01,1,0,0
ORD10169,CUST1149,Electronics,Card,3721.99,16,0,0,830,33,0.03,1,0,0
ORD10170,CUST1068,Footwear,Netbanking,335.02,14,0,5,836,30,0.13,1,0,0
ORD10171,CUST1511,Home & Kitchen,COD,7337.1,10,0,5,292,1,0.07,1,0,0
ORD10172,CUST1429,Home & Kitchen,UPI,2478.41,0,1,10,65,29,0.01,1,0,0
ORD10173,CUST1122,Electronics,Netbanking,5978.35,22,0,20,312,31,0.18,1,0,0
ORD10174,CUST1375,Beauty,COD,2050.79,1,0,5,464,36,0.15,1,0,0
ORD10175,CUST1327,Footwear,Card,5029.43,12,0,30,292,7,0.22,1,0,0
ORD10176,CUST1336,Apparel,Wallet,5005.51,19,0,0,22,25,0.11,1,0,0
ORD10177,CUST1445,Electronics,Netbanking,6480.75,2,0,0,311,15,0.01,1,0,0
ORD10178,CUST1231,Beauty,Netbanking,7205.69,5,0,20,474,25,0.23,1,0,0
ORD10179,CUST1068,Apparel,COD,1213.28,0,0,5,836,30,0.13,1,0,1
ORD10180,CUST1178,Beauty,UPI,6774.6,9,0,20,373,15,0.19,1,0,1
ORD10181,CUST1177,Electronics,COD,5500.43,19,0,0,838,21,0.15,1,0,0
ORD10182,CUST1217,Apparel,Wallet,462.19,8,0,20,185,20,0.04,2,0,0
ORD10183,CUST1351,Footwear,Netbanking,7297.11,16,1,0,501,13,0.16,1,0,0
ORD10184,CUST1558,Footwear,Netbanking,483.65,7,0,30,208,8,0.15,1,0,1
ORD10185,CUST1328,Apparel,UPI,679.65,5,0,5,466,14,0.23,1,0,1
ORD10186,CUST1069,Beauty,Card,4213.95,22,0,20,267,8,0.18,1,0,0
ORD10187,CUST1234,Home & Kitchen,Card,865.8,17,0,0,642,11,0.22,1,0,1
ORD10188,CUST1589,Footwear,UPI,2294.44,16,0,0,575,17,0.2,1,0,1
ORD10189,CUST1413,Footwear,UPI,4337.26,2,1,10,251,28,0.05,1,0,0
ORD10190,CUST1409,Electronics,COD,4122.5,7,0,5,154,13,0.06,1,0,0
ORD10191,CUST1493,Home & Kitchen,Wallet,6546.32,15,1,5,757,12,0.07,1,0,0
ORD10192,CUST1464,Footwear,COD,1045.41,0,0,0,817,2,0.18,1,0,1
ORD10193,CUST1269,Footwear,Card,5554.15,0,1,0,353,16,0.1,2,0,1
ORD10194,CUST1182,Apparel,UPI,641.33,10,1,5,147,33,0.69,2,0,1
ORD10195,CUST1583,Footwear,Netbanking,2685.33,5,0,5,269,15,0.08,1,0,1
ORD10196,CUST1252,Apparel,Card,5771.23,23,0,0,24,25,0.03,1,0,0
ORD10197,CUST1232,Beauty,UPI,3352.2,3,0,0,429,22,0.06,1,0,0
ORD10198,CUST1093,Apparel,Card,5328.95,21,0,30,584,11,0.13,1,0,0
ORD10199,CUST1322,Beauty,Netbanking,4008.07,16,0,30,595,29,0.01,1,0,0
ORD10200,CUST1179,Electronics,COD,5903.52,12,0,30,831,4,0.11,1,0,0
ORD10201,CUST1063,Electronics,COD,7167.24,13,0,20,866,39,0.05,1,0,0
ORD10202,CUST1345,Home & Kitchen,Netbanking,7932.26,8,0,20,56,13,0.15,1,0,0
ORD10203,CUST1177,Electronics,Wallet,7089.66,4,0,30,838,21,0.15,1,0,0
ORD10204,CUST1580,Beauty,Netbanking,5566.75,11,0,0,469,39,0.05,1,0,0
ORD10205,CUST1318,Footwear,Card,363.46,9,0,30,870,39,0.12,1,0,0
ORD10206,CUST1095,Apparel,Netbanking,5716.7,14,0,5,757,15,0.06,3,0,1
ORD10207,CUST1299,Home & Kitchen,Wallet,7932.9,6,0,5,780,13,0.01,1,0,0
ORD10208,CUST1417,Apparel,Netbanking,6072.59,4,0,0,390,4,0.11,1,0,1
ORD10209,CUST1078,Footwear,Netbanking,7328.51,14,1,30,413,40,0.17,1,0,1
ORD10210,CUST1253,Home & Kitchen,COD,7269.59,1,0,10,387,31,0.21,1,0,0
ORD10211,CUST1442,Electronics,Wallet,6123.92,3,1,0,298,20,0.21,1,0,0
ORD10212,CUST1363,Beauty,Wallet,998.43,10,1,10,658,18,0.01,1,0,1
ORD10213,CUST1552,Electronics,Card,4513.52,7,0,0,192,23,0.13,1,2,0
ORD10214,CUST1274,Beauty,Netbanking,860.76,12,0,30,137,17,0.17,1,0,0
ORD10215,CUST1337,Apparel,Card,4879.15,20,0,5,59,4,0.25,1,1,1
ORD10216,CUST1168,Electronics,Card,7326.81,14,0,30,808,15,0.17,1,0,0
ORD10217,CUST1300,Footwear,COD,4874.71,20,1,30,593,20,0.11,1,0,1
ORD10218,CUST1285,Beauty,Wallet,6585.5,3,0,20,889,26,0.12,1,0,0
ORD10219,CUST1232,Electronics,UPI,4042.47,16,0,20,429,22,0.06,1,1,0
ORD10220,CUST1041,Apparel,Wallet,6480.49,3,0,0,140,8,0.12,1,0,1
ORD10221,CUST1079,Apparel,UPI,257.12,7,0,0,841,23,0.59,1,1,1
ORD10222,CUST1152,Home & Kitchen,Netbanking,7721.55,16,0,5,492,29,0.02,1,0,0
ORD10223,CUST1034,Beauty,UPI,3498.51,18,0,10,119,16,0.86,1,0,1
ORD10224,CUST1301,Home & Kitchen,Netbanking,7486.26,7,0,0,723,11,0.2,1,0,1
ORD10225,CUST1103,Apparel,UPI,2695.21,9,1,30,419,24,0.01,1,0,0
ORD10226,CUST1116,Electronics,Netbanking,4493.86,23,0,0,347,21,0.12,1,0,0
ORD10227,CUST1532,Apparel,COD,1426.6,0,0,30,338,24,0.6,1,0,0
ORD10228,CUST1360,Footwear,Card,7955.81,11,0,0,353,3,0.21,1,0,0
ORD10229,CUST1020,Apparel,Netbanking,5666.68,17,0,0,838,39,0.06,1,0,1
ORD10230,CUST1109,Electronics,Wallet,7307.01,1,0,0,762,33,0.2,2,0,0
ORD10231,CUST1329,Home & Kitchen,Wallet,5299.76,2,0,10,460,40,0.02,1,0,1
ORD10232,CUST1166,Apparel,Card,425.61,5,1,0,524,8,0.78,1,0,1
ORD10233,CUST1120,Footwear,Card,5658.2,18,0,10,81,34,0.02,1,0,0
ORD10234,CUST1433,Home & Kitchen,COD,4531.53,22,0,20,694,39,0.21,1,0,0
ORD10235,CUST1448,Footwear,UPI,2318.17,12,0,10,191,39,0.17,1,0,0
ORD10236,CUST1399,Beauty,Wallet,4111.28,20,0,30,575,5,0.03,1,0,0
ORD10237,CUST1554,Beauty,Card,6334.59,0,1,10,643,21,0.16,1,0,0
ORD10238,CUST1240,Footwear,Wallet,2463.98,14,0,0,623,15,0.12,1,0,0
ORD10239,CUST1410,Electronics,Wallet,905.87,10,1,30,244,39,0.07,1,0,0
ORD10240,CUST1419,Beauty,COD,4823.52,1,1,20,732,20,0.24,1,0,0
ORD10241,CUST1548,Beauty,COD,4158.91,3,0,10,591,36,0.22,1,0,0
ORD10242,CUST1271,Apparel,Wallet,4461.04,18,1,10,210,36,0.21,1,0,1
ORD10243,CUST1474,Home & Kitchen,UPI,3089.32,23,0,30,217,39,0.01,1,0,0
ORD10244,CUST1076,Home & Kitchen,Wallet,5747.46,0,0,10,200,6,0.03,1,0,0
ORD10245,CUST1168,Apparel,Netbanking,2759.29,10,0,20,808,15,0.17,1,0,1
ORD10246,CUST1182,Home & Kitchen,COD,4542.53,8,0,30,147,33,0.69,1,0,1
ORD10247,CUST1312,Electronics,Netbanking,3657.44,2,0,30,891,2,0.18,1,0,0
ORD10248,CUST1427,Apparel,Card,4500.72,8,1,10,411,34,0.01,3,0,1
ORD10249,CUST1178,Home & Kitchen,Netbanking,3538.01,20,1,0,373,15,0.19,1,0,0
ORD10250,CUST1066,Beauty,Card,5648.46,21,0,5,577,7,0.12,1,0,0
ORD10251,CUST1271,Beauty,Wallet,1586.2,15,0,30,210,36,0.21,1,0,0
ORD10252,CUST1309,Electronics,UPI,3998.67,2,0,30,481,35,0.1,1,0,0
ORD10253,CUST1561,Home & Kitchen,Netbanking,4120.02,6,1,5,701,16,0.74,1,0,1
ORD10254,CUST1479,Footwear,Netbanking,2305.97,1,1,5,729,25,0.0,1,0,1
ORD10255,CUST1544,Footwear,COD,2003.8,14,0,0,165,24,0.2,1,0,1
ORD10256,CUST1225,Apparel,COD,2224.32,11,0,10,535,2,0.0,1,2,1
ORD10257,CUST1358,Beauty,UPI,4699.3,18,1,0,253,23,0.24,1,0,0
ORD10258,CUST1120,Home & Kitchen,COD,6656.54,13,1,30,81,34,0.02,1,0,0
ORD10259,CUST1133,Apparel,Netbanking,1810.39,17,0,10,359,21,0.2,1,0,1
ORD10260,CUST1469,Apparel,COD,3117.66,14,0,10,18,24,0.02,3,0,1
ORD10261,CUST1032,Home & Kitchen,COD,6127.04,13,1,30,80,26,0.24,1,0,0
ORD10262,CUST1013,Footwear,Card,6260.01,1,1,5,788,8,0.1,1,0,0
ORD10263,CUST1104,Home & Kitchen,Card,5331.17,8,0,10,741,20,0.02,1,0,0
ORD10264,CUST1516,Apparel,Wallet,7861.75,8,0,10,78,34,0.25,1,1,1
ORD10265,CUST1467,Beauty,Card,3186.04,4,0,0,587,15,0.1,1,0,0
ORD10266,CUST1070,Electronics,Wallet,7088.42,5,1,20,13,18,0.08,1,0,0
ORD10267,CUST1568,Home & Kitchen,Wallet,5495.88,15,0,0,135,23,0.15,1,0,0
ORD10268,CUST1188,Footwear,Wallet,5695.6,2,1,30,304,39,0.23,2,0,1
ORD10269,CUST1416,Electronics,Wallet,6181.96,15,0,30,608,4,0.12,1,0,0
ORD10270,CUST1520,Beauty,COD,981.14,20,0,0,592,40,0.15,1,0,1
ORD10271,CUST1445,Electronics,UPI,7255.69,15,0,0,311,15,0.01,1,0,0
ORD10272,CUST1558,Electronics,Netbanking,4538.41,1,0,20,208,8,0.15,1,0,1
ORD10273,CUST1455,Electronics,UPI,2252.31,21,1,30,476,3,0.08,1,0,0
ORD10274,CUST1278,Beauty,COD,2449.39,1,0,20,891,18,0.06,1,0,0
ORD10275,CUST1240,Electronics,COD,4200.37,3,1,20,623,15,0.12,1,0,1
ORD10276,CUST1563,Beauty,UPI,4623.63,2,0,20,165,34,0.09,1,0,0
ORD10277,CUST1593,Beauty,Wallet,6265.69,19,0,30,69,22,0.17,1,0,0
ORD10278,CUST1185,Apparel,COD,1367.99,3,0,0,639,36,0.19,1,0,0
ORD10279,CUST1441,Apparel,Wallet,1872.92,10,0,0,437,22,0.14,1,0,0
ORD10280,CUST1583,Apparel,UPI,218.09,17,1,30,269,15,0.08,1,0,0
ORD10281,CUST1251,Apparel,Netbanking,6878.83,10,0,0,433,9,0.12,1,0,0
ORD10282,CUST1201,Electronics,COD,6665.6,15,1,20,666,6,0.08,1,0,1
ORD10283,CUST1117,Electronics,Wallet,4970.76,1,1,0,459,39,0.21,1,0,1
ORD10284,CUST1171,Home & Kitchen,Wallet,3891.95,6,1,0,306,35,0.06,1,0,0
ORD10285,CUST1411,Beauty,Wallet,6116.58,20,0,5,189,19,0.06,1,0,0
ORD10286,CUST1219,Home & Kitchen,UPI,6548.44,12,1,30,656,34,0.75,1,0,1
ORD10287,CUST1058,Electronics,COD,2116.61,19,0,30,224,4,0.11,2,0,0
ORD10288,CUST1102,Electronics,Netbanking,6199.95,10,0,5,734,18,0.01,1,0,0
ORD10289,CUST1207,Home & Kitchen,COD,7285.95,14,1,20,451,33,0.02,1,0,0
ORD10290,CUST1389,Footwear,Netbanking,915.58,19,0,30,548,37,0.19,1,0,0
ORD10291,CUST1133,Home & Kitchen,Netbanking,5632.27,16,0,20,359,21,0.2,1,0,0
ORD10292,CUST1011,Beauty,Netbanking,6074.45,5,0,0,420,7,0.03,1,2,0
ORD10293,CUST1588,Beauty,Wallet,5328.54,22,1,10,384,26,0.2,1,0,1
ORD10294,CUST1118,Footwear,Netbanking,1454.89,4,1,0,400,9,0.09,1,0,0
ORD10295,CUST1230,Beauty,UPI,1140.69,20,0,10,352,36,0.17,1,0,1
ORD10296,CUST1459,Electronics,Netbanking,1669.96,5,0,10,655,34,0.1,1,0,0
ORD10297,CUST1376,Apparel,Card,1111.79,12,1,30,721,25,0.08,1,0,0
ORD10298,CUST1260,Apparel,COD,1609.67,21,0,0,277,14,0.06,3,0,1
ORD10299,CUST1282,Apparel,Card,2089.49,11,0,30,281,40,0.1,1,0,1
ORD10300,CUST1550,Beauty,Card,6927.06,22,1,10,800,3,0.11,1,0,0
ORD10301,CUST1259,Electronics,Card,1439.76,20,0,30,280,19,0.12,1,0,0
ORD10302,CUST1537,Beauty,UPI,3862.45,12,0,20,167,39,0.56,1,0,0
ORD10303,CUST1563,Electronics,Card,6077.14,6,0,10,165,34,0.09,1,0,0
ORD10304,CUST1584,Apparel,UPI,2794.37,9,0,0,475,4,0.03,1,0,0
ORD10305,CUST1342,Apparel,Card,1230.45,21,0,0,549,35,0.13,4,0,1
ORD10306,CUST1181,Footwear,Card,5100.49,5,0,20,607,40,0.2,1,1,0
ORD10307,CUST1020,Footwear,UPI,1344.56,22,1,20,838,39,0.06,1,0,1
ORD10308,CUST1376,Footwear,COD,4145.59,1,0,0,721,25,0.08,1,0,1
ORD10309,CUST1303,Footwear,Card,6834.76,11,1,0,660,3,0.62,1,0,1
ORD10310,CUST1042,Home & Kitchen,Wallet,3200.6,16,0,20,284,10,0.03,1,0,0
ORD10311,CUST1407,Beauty,Card,1713.88,6,0,0,789,15,0.07,1,3,1
ORD10312,CUST1225,Electronics,Card,777.18,8,0,5,535,2,0.0,1,0,0
ORD10313,CUST1536,Footwear,Card,5434.94,5,1,30,780,23,0.18,1,0,1
ORD10314,CUST1116,Home & Kitchen,Wallet,6398.08,11,1,30,347,21,0.12,1,0,1
ORD10315,CUST1269,Home & Kitchen,UPI,3837.72,23,1,0,353,16,0.1,1,0,0
ORD10316,CUST1299,Beauty,COD,7163.88,12,0,20,780,13,0.01,1,0,0
ORD10317,CUST1408,Electronics,COD,5392.78,5,0,5,692,22,0.11,1,0,0
ORD10318,CUST1019,Electronics,COD,1014.36,6,1,0,589,8,0.22,2,0,0
ORD10319,CUST1193,Beauty,Wallet,7154.22,3,0,0,765,26,0.14,1,0,0
ORD10320,CUST1023,Apparel,UPI,3198.33,16,0,5,844,38,0.12,1,0,1
ORD10321,CUST1086,Apparel,Wallet,2731.16,6,0,10,620,10,0.02,1,0,1
ORD10322,CUST1327,Beauty,COD,5926.22,3,0,10,292,7,0.22,1,0,0
ORD10323,CUST1177,Electronics,Netbanking,1223.63,19,0,30,838,21,0.15,1,0,0
ORD10324,CUST1264,Home & Kitchen,Wallet,7925.75,20,0,5,197,10,0.04,1,0,0
ORD10325,CUST1579,Apparel,Netbanking,2142.48,1,0,20,315,26,0.05,2,0,0
ORD10326,CUST1171,Electronics,Netbanking,3176.68,8,0,10,306,35,0.06,1,0,0
ORD10327,CUST1482,Footwear,Wallet,6983.69,2,0,20,69,37,0.89,2,0,1
ORD10328,CUST1090,Beauty,COD,6918.85,2,0,0,784,11,0.1,1,0,1
ORD10329,CUST1566,Footwear,COD,7550.12,22,1,0,793,18,0.16,1,0,1
ORD10330,CUST1215,Footwear,UPI,2311.38,2,0,20,734,15,0.06,1,0,0
ORD10331,CUST1046,Beauty,Wallet,7462.16,13,0,5,140,25,0.11,1,2,1
ORD10332,CUST1146,Electronics,Netbanking,1463.65,10,0,10,814,33,0.19,1,0,1
ORD10333,CUST1545,Electronics,Wallet,2310.79,2,0,20,669,2,0.07,1,0,0
ORD10334,CUST1005,Apparel,Card,2444.33,10,0,0,532,14,0.16,1,0,0
ORD10335,CUST1400,Electronics,Netbanking,5715.76,0,1,10,155,34,0.24,1,0,0
ORD10336,CUST1118,Electronics,UPI,6484.1,20,0,5,400,9,0.09,1,0,0
ORD10337,CUST1059,Beauty,Card,2719.68,14,0,30,144,30,0.6,1,1,0
ORD10338,CUST1368,Apparel,Netbanking,7999.67,2,0,20,328,4,0.21,1,0,1
ORD10339,CUST1019,Footwear,UPI,3027.4,11,1,0,589,8,0.22,1,0,1
ORD10340,CUST1026,Beauty,UPI,2658.92,10,1,30,48,11,0.65,1,0,1
ORD10341,CUST1124,Apparel,Wallet,7677.15,7,0,0,704,17,0.11,1,0,1
ORD10342,CUST1209,Home & Kitchen,UPI,7093.49,11,0,0,195,15,0.04,1,0,0
ORD10343,CUST1448,Beauty,Card,1693.57,1,0,20,191,39,0.17,1,0,0
ORD10344,CUST1274,Footwear,Wallet,5712.61,20,0,30,137,17,0.17,1,0,0
ORD10345,CUST1273,Apparel,Card,3026.68,13,0,0,237,11,0.24,1,0,0
ORD10346,CUST1409,Electronics,Wallet,2448.68,14,0,10,154,13,0.06,1,0,1
ORD10347,CUST1184,Electronics,Netbanking,6335.68,1,1,0,688,9,0.1,1,0,0
ORD10348,CUST1184,Footwear,Card,3255.55,0,0,0,688,9,0.1,1,0,0
ORD10349,CUST1162,Footwear,COD,7755.59,14,0,0,482,40,0.08,1,0,0
ORD10350,CUST1043,Beauty,COD,6792.42,16,1,0,392,40,0.13,1,0,1
ORD10351,CUST1117,Footwear,Netbanking,7873.56,0,0,5,459,39,0.21,1,0,0
ORD10352,CUST1466,Apparel,Wallet,4648.22,22,0,5,276,29,0.17,3,0,0
ORD10353,CUST1507,Footwear,UPI,4420.49,20,0,30,276,11,0.59,1,0,1
ORD10354,CUST1506,Electronics,COD,4033.48,13,1,5,300,19,0.64,1,3,0
ORD10355,CUST1490,Footwear,UPI,4021.18,8,1,0,281,9,0.09,1,0,0
ORD10356,CUST1025,Home & Kitchen,UPI,1100.5,15,0,0,218,13,0.19,1,0,0
ORD10357,CUST1455,Electronics,COD,6539.45,16,1,10,476,3,0.08,1,0,0
ORD10358,CUST1109,Apparel,Card,2906.51,5,0,20,762,33,0.2,1,0,0
ORD10359,CUST1128,Beauty,COD,1439.57,13,1,30,876,18,0.2,1,0,0
ORD10360,CUST1324,Footwear,UPI,5388.58,19,0,10,735,23,0.85,1,2,1
ORD10361,CUST1394,Electronics,Card,4147.63,16,0,0,363,9,0.02,1,0,0
ORD10362,CUST1278,Electronics,COD,7480.2,18,1,0,891,18,0.06,1,0,0
ORD10363,CUST1295,Home & Kitchen,COD,4472.94,12,1,0,286,4,0.23,2,0,0
ORD10364,CUST1078,Electronics,UPI,1599.49,16,0,20,413,40,0.17,1,0,0
ORD10365,CUST1150,Electronics,Card,3052.54,19,0,10,55,9,0.14,1,0,0
ORD10366,CUST1568,Footwear,COD,2529.67,13,0,0,135,23,0.15,1,0,1
ORD10367,CUST1537,Footwear,Netbanking,467.22,4,0,30,167,39,0.56,1,0,0
ORD10368,CUST1166,Apparel,UPI,6269.68,17,1,0,524,8,0.78,2,0,1
ORD10369,CUST1077,Beauty,Card,4488.48,23,1,20,100,27,0.21,1,0,1
ORD10370,CUST1482,Home & Kitchen,Card,2374.79,22,0,30,69,37,0.89,1,0,0
ORD10371,CUST1491,Beauty,UPI,6504.93,21,0,30,674,25,0.04,1,0,1
ORD10372,CUST1227,Footwear,COD,2770.18,16,0,10,735,39,0.06,1,0,0
ORD10373,CUST1258,Footwear,Netbanking,3222.28,11,0,10,461,24,0.89,1,0,1
ORD10374,CUST1089,Home & Kitchen,Wallet,7618.54,17,0,20,416,8,0.22,1,0,0
ORD10375,CUST1018,Home & Kitchen,Wallet,1468.7,22,0,0,616,23,0.09,1,0,0
ORD10376,CUST1424,Electronics,Netbanking,4429.64,23,1,0,317,32,0.05,1,2,1
ORD10377,CUST1575,Beauty,UPI,6920.08,23,0,30,768,4,0.14,1,0,0
ORD10378,CUST1485,Home & Kitchen,Card,4894.04,10,1,10,23,17,0.19,1,0,0
ORD10379,CUST1016,Beauty,Card,5675.52,1,1,0,44,9,0.05,1,0,0
ORD10380,CUST1434,Footwear,Netbanking,1191.38,12,0,10,296,10,0.23,1,0,0
ORD10381,CUST1126,Footwear,COD,2463.18,23,1,5,406,37,0.1,1,0,0
ORD10382,CUST1594,Apparel,Netbanking,5345.06,7,0,0,826,17,0.08,1,2,1
ORD10383,CUST1485,Home & Kitchen,COD,5364.17,12,0,10,23,17,0.19,1,0,1
ORD10384,CUST1133,Beauty,Netbanking,621.82,16,0,30,359,21,0.2,1,0,0
ORD10385,CUST1214,Footwear,COD,2650.06,5,0,10,115,38,0.11,1,0,0
ORD10386,CUST1533,Footwear,Netbanking,2219.18,16,0,0,513,0,0.12,1,0,0
ORD10387,CUST1040,Footwear,Wallet,5105.17,12,0,20,442,12,0.22,1,0,1
ORD10388,CUST1104,Apparel,Card,4392.0,1,1,10,741,20,0.02,1,0,1
ORD10389,CUST1303,Apparel,COD,676.53,15,1,30,660,3,0.62,1,0,1
ORD10390,CUST1030,Apparel,UPI,2430.75,12,0,30,140,4,0.58,1,0,1
ORD10391,CUST1277,Beauty,Card,5615.32,17,0,20,28,34,0.21,1,0,1
ORD10392,CUST1039,Beauty,Wallet,7589.12,13,0,20,453,31,0.22,1,0,0
ORD10393,CUST1455,Home & Kitchen,Card,5940.14,14,1,0,476,3,0.08,1,0,0
ORD10394,CUST1288,Home & Kitchen,COD,361.23,21,1,0,181,1,0.24,1,0,0
ORD10395,CUST1374,Electronics,COD,1032.32,21,0,30,355,10,0.16,1,0,0
ORD10396,CUST1030,Electronics,Wallet,6993.35,5,0,20,140,4,0.58,1,0,0
ORD10397,CUST1161,Electronics,UPI,6617.0,6,0,0,194,12,0.09,1,0,0
ORD10398,CUST1095,Footwear,Card,5865.7,15,0,10,757,15,0.06,4,0,0
ORD10399,CUST1072,Electronics,Netbanking,2072.78,5,1,0,544,27,0.01,1,0,0
ORD10400,CUST1586,Beauty,COD,3408.04,0,0,30,621,15,0.03,1,0,0
ORD10401,CUST1545,Footwear,COD,6899.74,13,0,20,669,2,0.07,1,0,1
ORD10402,CUST1050,Beauty,Wallet,4037.78,19,0,5,798,22,0.13,1,0,0
ORD10403,CUST1576,Footwear,UPI,3228.33,9,0,30,53,18,0.23,1,0,1
ORD10404,CUST1137,Beauty,UPI,5582.01,2,0,0,431,9,0.06,1,0,0
ORD10405,CUST1305,Beauty,Wallet,5056.13,19,0,30,707,29,0.11,1,0,0
ORD10406,CUST1202,Apparel,UPI,7109.24,23,0,0,431,8,0.08,1,1,0
ORD10407,CUST1346,Beauty,COD,3204.81,12,0,5,107,32,0.04,1,0,0
ORD10408,CUST1506,Home & Kitchen,Wallet,7890.85,16,0,0,300,19,0.64,1,1,1
ORD10409,CUST1275,Apparel,Netbanking,4712.52,22,0,0,696,8,0.01,1,0,1
ORD10410,CUST1261,Beauty,Netbanking,4419.92,20,0,20,404,0,0.06,1,0,0
ORD10411,CUST1065,Apparel,Wallet,3102.95,15,0,0,29,34,0.24,1,0,1
ORD10412,CUST1473,Home & Kitchen,Wallet,6592.53,5,0,20,275,28,0.05,1,0,0
ORD10413,CUST1024,Apparel,Card,4592.61,17,0,5,130,14,0.12,1,0,0
ORD10414,CUST1387,Beauty,Card,1797.98,8,0,0,30,18,0.2,1,0,1
ORD10415,CUST1328,Electronics,Netbanking,1085.71,3,0,5,466,14,0.23,1,0,0
ORD10416,CUST1376,Apparel,Netbanking,6535.33,6,1,5,721,25,0.08,1,0,1
ORD10417,CUST1594,Home & Kitchen,UPI,6577.23,12,0,0,826,17,0.08,1,0,0
ORD10418,CUST1293,Beauty,COD,1239.7,20,1,0,639,1,0.0,1,0,0
ORD10419,CUST1101,Beauty,Card,5346.25,8,0,0,375,33,0.07,1,0,0
ORD10420,CUST1470,Apparel,Wallet,7799.06,10,0,0,252,31,0.25,1,0,0
ORD10421,CUST1545,Electronics,COD,4967.15,18,0,20,669,2,0.07,1,0,0
ORD10422,CUST1197,Apparel,UPI,1668.02,17,0,5,322,19,0.08,1,0,0
ORD10423,CUST1549,Footwear,Wallet,4444.79,8,0,30,277,36,0.04,1,0,0
ORD10424,CUST1054,Beauty,Wallet,490.87,17,0,30,475,20,0.16,1,0,0
ORD10425,CUST1200,Electronics,Wallet,7501.35,16,0,0,574,12,0.74,1,0,1
ORD10426,CUST1450,Beauty,COD,2626.09,19,1,0,3,36,0.07,1,0,0
ORD10427,CUST1191,Apparel,Wallet,4614.45,23,0,0,559,19,0.16,1,0,1
ORD10428,CUST1061,Beauty,Card,4926.11,8,0,0,227,28,0.13,1,0,0
ORD10429,CUST1430,Home & Kitchen,UPI,4416.9,17,0,0,345,16,0.21,1,0,0
ORD10430,CUST1507,Beauty,UPI,5143.35,1,0,10,276,11,0.59,1,0,0
ORD10431,CUST1552,Electronics,Card,4687.59,4,0,10,192,23,0.13,1,2,0
ORD10432,CUST1288,Home & Kitchen,Netbanking,7194.74,2,0,10,181,1,0.24,1,0,0
ORD10433,CUST1241,Apparel,COD,2795.52,8,0,5,214,19,0.1,1,0,1
ORD10434,CUST1552,Electronics,UPI,3830.12,13,0,0,192,23,0.13,1,2,0
ORD10435,CUST1360,Footwear,Card,3130.84,20,1,0,353,3,0.21,1,0,1
ORD10436,CUST1537,Electronics,Netbanking,5570.8,15,0,0,167,39,0.56,1,0,0
ORD10437,CUST1526,Apparel,UPI,274.37,18,0,5,7,2,0.22,1,0,0
ORD10438,CUST1576,Beauty,UPI,4855.43,16,1,0,53,18,0.23,1,0,0
ORD10439,CUST1408,Home & Kitchen,UPI,899.68,20,0,20,692,22,0.11,1,0,0
ORD10440,CUST1226,Footwear,Wallet,3612.07,3,1,30,570,19,0.12,1,0,0
ORD10441,CUST1421,Beauty,Card,3122.26,12,0,30,892,4,0.25,2,0,0
ORD10442,CUST1506,Footwear,Netbanking,276.71,9,1,0,300,19,0.64,1,3,1
ORD10443,CUST1298,Home & Kitchen,Netbanking,1606.11,1,0,5,10,25,0.13,1,0,0
ORD10444,CUST1207,Beauty,UPI,4583.29,17,0,20,451,33,0.02,1,0,0
ORD10445,CUST1133,Electronics,COD,3071.91,4,1,20,359,21,0.2,1,0,0
ORD10446,CUST1278,Home & Kitchen,Netbanking,2776.58,23,1,20,891,18,0.06,1,0,0
ORD10447,CUST1003,Beauty,Card,3000.34,11,0,5,631,10,0.16,1,0,0
ORD10448,CUST1555,Home & Kitchen,Card,6235.34,3,1,0,442,14,0.2,1,2,0
ORD10449,CUST1543,Apparel,Card,580.12,17,0,5,433,37,0.85,1,0,1
ORD10450,CUST1356,Footwear,Card,1905.11,20,0,10,322,23,0.12,1,0,1
ORD10451,CUST1315,Beauty,Wallet,4807.25,14,0,5,820,31,0.21,1,0,0
ORD10452,CUST1130,Electronics,Netbanking,7677.84,5,0,30,807,34,0.02,1,0,0
ORD10453,CUST1335,Home & Kitchen,COD,7954.95,6,0,10,518,20,0.12,1,0,1
ORD10454,CUST1152,Electronics,Netbanking,3405.53,8,1,0,492,29,0.02,1,0,0
ORD10455,CUST1308,Electronics,COD,5991.16,17,0,5,550,29,0.66,1,0,0
ORD10456,CUST1248,Beauty,Card,223.07,1,1,10,93,27,0.03,1,2,1
ORD10457,CUST1131,Electronics,COD,6749.32,5,0,20,87,1,0.16,1,0,1
ORD10458,CUST1147,Apparel,UPI,4120.87,13,0,0,12,30,0.23,3,0,1
ORD10459,CUST1288,Beauty,Card,2857.74,0,0,30,181,1,0.24,1,0,1
ORD10460,CUST1010,Apparel,COD,4118.65,23,0,0,645,12,0.19,1,0,0
ORD10461,CUST1059,Footwear,Card,2273.08,4,1,30,144,30,0.6,1,0,1
ORD10462,CUST1567,Home & Kitchen,Netbanking,876.25,16,1,20,270,30,0.15,1,0,0
ORD10463,CUST1512,Home & Kitchen,UPI,5945.75,8,0,0,468,18,0.13,1,0,0
ORD10464,CUST1193,Electronics,COD,5674.53,23,0,0,765,26,0.14,1,0,0
ORD10465,CUST1457,Home & Kitchen,Wallet,4617.85,11,1,0,256,18,0.05,1,0,0
ORD10466,CUST1247,Footwear,Netbanking,1695.73,16,1,0,362,7,0.88,1,0,1
ORD10467,CUST1313,Footwear,COD,2565.2,15,0,10,550,0,0.22,1,0,0
ORD10468,CUST1150,Electronics,Wallet,7876.76,19,1,5,55,9,0.14,1,0,0
ORD10469,CUST1398,Beauty,COD,810.15,0,0,5,498,12,0.02,1,0,0
ORD10470,CUST1287,Footwear,COD,7952.82,0,1,0,298,15,0.25,1,0,1
ORD10471,CUST1318,Electronics,Card,2845.62,11,1,0,870,39,0.12,2,0,0
ORD10472,CUST1341,Home & Kitchen,Wallet,1372.16,15,1,30,881,23,0.24,1,1,0
ORD10473,CUST1303,Electronics,Netbanking,1280.19,16,0,0,660,3,0.62,1,0,0
ORD10474,CUST1482,Home & Kitchen,Wallet,5737.11,23,0,20,69,37,0.89,1,0,0
ORD10475,CUST1134,Footwear,Card,4139.63,4,1,10,825,4,0.18,1,0,0
ORD10476,CUST1320,Beauty,Wallet,4704.19,17,0,0,442,24,0.0,1,0,0
ORD10477,CUST1155,Electronics,UPI,4145.48,18,0,10,319,20,0.08,1,0,0
ORD10478,CUST1330,Beauty,Wallet,7464.94,0,0,30,275,18,0.17,1,0,0
ORD10479,CUST1343,Footwear,Card,7094.86,5,0,0,520,36,0.03,1,0,1
ORD10480,CUST1422,Footwear,COD,2905.16,15,1,10,329,11,0.15,1,0,0
ORD10481,CUST1433,Apparel,Netbanking,3858.61,4,0,10,694,39,0.21,1,0,1
ORD10482,CUST1199,Footwear,UPI,7103.76,2,0,30,324,22,0.22,1,0,1
ORD10483,CUST1427,Electronics,Netbanking,6014.14,14,0,30,411,34,0.01,1,0,0
ORD10484,CUST1237,Beauty,Netbanking,566.04,12,0,20,370,3,0.04,1,0,0
ORD10485,CUST1136,Electronics,COD,6123.54,7,0,0,555,40,0.01,1,0,0
ORD10486,CUST1394,Beauty,Wallet,4472.66,14,0,0,363,9,0.02,1,0,0
ORD10487,CUST1039,Beauty,Card,1795.92,17,0,20,453,31,0.22,1,0,0
ORD10488,CUST1113,Home & Kitchen,Card,806.19,21,0,10,900,2,0.16,1,0,0
ORD10489,CUST1195,Electronics,Wallet,7525.45,15,0,10,25,20,0.04,1,0,0
ORD10490,CUST1139,Beauty,UPI,613.06,16,0,30,483,19,0.18,1,0,1
ORD10491,CUST1246,Beauty,Wallet,1666.27,7,0,0,761,19,0.17,1,1,0
ORD10492,CUST1027,Electronics,UPI,1133.71,15,0,0,142,28,0.25,1,0,1
ORD10493,CUST1595,Home & Kitchen,Wallet,4410.38,6,1,30,798,20,0.12,1,0,1
ORD10494,CUST1007,Electronics,UPI,3640.53,12,0,30,323,14,0.13,1,0,0
ORD10495,CUST1375,Electronics,Netbanking,3560.89,6,1,0,464,36,0.15,1,0,0
ORD10496,CUST1180,Beauty,Card,5860.67,11,0,0,675,8,0.08,1,0,0
ORD10497,CUST1039,Beauty,Wallet,7246.51,2,0,20,453,31,0.22,1,0,0
ORD10498,CUST1272,Beauty,COD,5730.37,3,0,5,638,17,0.2,1,0,0
ORD10499,CUST1202,Apparel,Wallet,7423.86,2,0,0,431,8,0.08,1,0,1
ORD10500,CUST1145,Footwear,Netbanking,235.05,3,0,0,410,3,0.05,1,0,0
ORD10501,CUST1430,Beauty,Card,7535.97,2,0,20,345,16,0.21,1,0,0
ORD10502,CUST1287,Footwear,UPI,2541.91,17,0,20,298,15,0.25,1,0,0
ORD10503,CUST1485,Apparel,Wallet,4340.82,8,0,0,23,17,0.19,1,0,0
ORD10504,CUST1586,Home & Kitchen,Card,1470.58,3,0,30,621,15,0.03,1,0,0
ORD10505,CUST1141,Electronics,Wallet,7416.57,1,0,0,203,11,0.09,1,0,0
ORD10506,CUST1251,Footwear,Netbanking,6340.97,6,1,5,433,9,0.12,1,0,0
ORD10507,CUST1572,Beauty,UPI,5945.55,14,0,30,455,9,0.14,1,0,0
ORD10508,CUST1211,Electronics,Card,4982.58,1,0,0,512,3,0.04,1,2,0
ORD10509,CUST1250,Footwear,COD,2224.5,12,0,5,787,10,0.09,1,0,1
ORD10510,CUST1052,Electronics,COD,5301.37,5,0,20,740,24,0.03,1,0,0
ORD10511,CUST1530,Electronics,Card,5969.88,17,0,30,735,20,0.12,1,0,0
ORD10512,CUST1488,Home & Kitchen,UPI,246.71,0,0,30,584,1,0.24,1,0,0
ORD10513,CUST1357,Beauty,COD,6204.11,6,1,0,10,23,0.1,1,0,0
ORD10514,CUST1281,Electronics,UPI,3974.69,7,1,30,444,7,0.04,1,0,0
ORD10515,CUST1366,Home & Kitchen,UPI,4926.96,19,1,30,696,40,0.89,1,0,1
ORD10516,CUST1371,Home & Kitchen,UPI,5489.89,4,0,0,159,17,0.12,1,0,0
ORD10517,CUST1441,Electronics,COD,5499.86,3,0,30,437,22,0.14,1,0,0
ORD10518,CUST1368,Home & Kitchen,COD,6353.57,18,0,0,328,4,0.21,1,0,1
ORD10519,CUST1455,Electronics,Netbanking,2518.95,0,1,20,476,3,0.08,1,0,0
ORD10520,CUST1381,Home & Kitchen,Wallet,5042.12,5,0,0,164,35,0.12,1,0,0
ORD10521,CUST1064,Apparel,Netbanking,4903.05,6,0,10,587,31,0.05,1,0,0
ORD10522,CUST1512,Apparel,Netbanking,7597.84,7,0,0,468,18,0.13,1,0,0
ORD10523,CUST1567,Home & Kitchen,UPI,3017.49,10,0,0,270,30,0.15,1,0,0
ORD10524,CUST1310,Footwear,COD,5730.9,21,1,10,503,7,0.06,1,0,1
ORD10525,CUST1433,Beauty,Netbanking,7357.31,19,0,20,694,39,0.21,1,0,0
ORD10526,CUST1104,Footwear,Wallet,6214.57,4,0,30,741,20,0.02,1,0,1
ORD10527,CUST1364,Apparel,Netbanking,5133.32,2,1,20,566,8,0.23,1,0,0
ORD10528,CUST1003,Electronics,UPI,3754.75,14,0,30,631,10,0.16,1,0,0
ORD10529,CUST1177,Apparel,Netbanking,2225.05,18,1,20,838,21,0.15,1,0,0
ORD10530,CUST1273,Footwear,Card,4636.07,10,0,20,237,11,0.24,1,0,1
ORD10531,CUST1345,Beauty,UPI,6922.48,11,0,10,56,13,0.15,1,0,0
ORD10532,CUST1268,Beauty,Card,6154.55,13,0,20,525,30,0.01,1,2,0
ORD10533,CUST1509,Beauty,Netbanking,3215.25,8,0,0,709,32,0.06,1,0,1
ORD10534,CUST1320,Apparel,Card,6286.28,13,0,10,442,24,0.0,1,0,0
ORD10535,CUST1593,Footwear,COD,1435.06,3,0,20,69,22,0.17,1,0,1
ORD10536,CUST1581,Home & Kitchen,COD,6344.35,18,1,30,42,32,0.63,1,0,0
ORD10537,CUST1174,Apparel,UPI,6859.76,0,0,0,428,21,0.08,1,0,0
ORD10538,CUST1050,Electronics,Card,2611.5,13,1,30,798,22,0.13,1,0,0
ORD10539,CUST1438,Home & Kitchen,Card,1407.34,10,0,0,58,5,0.08,1,0,0
ORD10540,CUST1121,Beauty,Wallet,2372.94,11,1,0,307,0,0.02,1,0,0
ORD10541,CUST1429,Beauty,Netbanking,547.37,20,0,20,65,29,0.01,1,0,0
ORD10542,CUST1053,Electronics,Wallet,1707.49,6,1,20,386,35,0.14,1,0,0
ORD10543,CUST1064,Beauty,Netbanking,4299.24,6,0,0,587,31,0.05,1,0,0
ORD10544,CUST1075,Home & Kitchen,COD,3990.66,7,1,10,356,11,0.08,1,0,0
ORD10545,CUST1525,Apparel,Netbanking,6993.32,14,1,30,330,16,0.23,1,0,1
ORD10546,CUST1252,Apparel,Card,7105.11,20,1,20,24,25,0.03,1,0,1
ORD10547,CUST1107,Home & Kitchen,COD,755.46,22,1,30,209,3,0.09,1,0,0
ORD10548,CUST1069,Home & Kitchen,COD,3658.61,16,0,0,267,8,0.18,1,3,1
ORD10549,CUST1334,Beauty,UPI,5847.11,6,1,20,836,1,0.78,1,0,1
ORD10550,CUST1222,Home & Kitchen,Wallet,3357.55,10,0,10,255,10,0.12,1,0,0
ORD10551,CUST1412,Beauty,UPI,7435.73,7,1,0,691,2,0.2,1,0,0
ORD10552,CUST1310,Beauty,Netbanking,7693.06,12,0,20,503,7,0.06,1,0,0
ORD10553,CUST1171,Home & Kitchen,Wallet,4325.89,7,0,20,306,35,0.06,1,0,1
ORD10554,CUST1030,Footwear,Netbanking,5837.32,13,0,30,140,4,0.58,1,0,0
ORD10555,CUST1167,Apparel,Card,3946.41,4,1,5,340,26,0.16,1,0,1
ORD10556,CUST1371,Electronics,Card,2670.34,18,0,0,159,17,0.12,1,0,1
ORD10557,CUST1071,Electronics,Card,1676.98,2,0,10,749,37,0.03,1,0,0
ORD10558,CUST1459,Footwear,Netbanking,6873.5,22,1,5,655,34,0.1,1,0,0
ORD10559,CUST1309,Home & Kitchen,UPI,7749.61,6,0,5,481,35,0.1,2,0,1
ORD10560,CUST1295,Apparel,Netbanking,2046.46,16,1,20,286,4,0.23,1,0,1
ORD10561,CUST1256,Electronics,COD,4481.0,11,0,20,32,36,0.18,1,0,0
ORD10562,CUST1508,Footwear,Netbanking,1962.96,13,0,0,320,34,0.22,1,0,1
ORD10563,CUST1104,Footwear,Wallet,7000.05,0,1,0,741,20,0.02,1,0,0
ORD10564,CUST1472,Footwear,Card,7401.38,21,1,10,757,25,0.22,1,0,0
ORD10565,CUST1094,Apparel,Wallet,445.4,11,0,20,719,7,0.19,1,0,1
ORD10566,CUST1595,Footwear,Card,2206.55,14,0,30,798,20,0.12,1,0,1
ORD10567,CUST1223,Apparel,COD,4754.71,17,1,10,324,26,0.12,1,0,1
ORD10568,CUST1405,Electronics,UPI,4202.96,11,0,30,776,5,0.0,1,0,0
ORD10569,CUST1001,Home & Kitchen,Netbanking,5091.86,2,1,20,645,39,0.2,1,0,0
ORD10570,CUST1452,Beauty,COD,1785.9,12,0,0,237,39,0.19,1,0,1
ORD10571,CUST1249,Electronics,Card,6955.81,19,1,20,292,31,0.18,1,0,0
ORD10572,CUST1400,Home & Kitchen,Card,2306.67,6,1,10,155,34,0.24,1,0,0
ORD10573,CUST1029,Home & Kitchen,COD,6323.28,20,1,20,35,1,0.76,1,0,1
ORD10574,CUST1192,Beauty,UPI,4993.41,5,0,0,749,23,0.22,1,0,0
ORD10575,CUST1248,Apparel,Card,2538.43,15,0,5,93,27,0.03,1,0,0
ORD10576,CUST1373,Footwear,UPI,3610.97,9,1,30,108,35,0.19,1,0,1
ORD10577,CUST1128,Beauty,Wallet,1875.3,1,0,5,876,18,0.2,1,0,0
ORD10578,CUST1051,Apparel,Wallet,6499.77,23,1,5,164,25,0.21,1,0,1
ORD10579,CUST1159,Home & Kitchen,UPI,1829.77,23,0,10,819,13,0.23,1,0,0
ORD10580,CUST1231,Beauty,Card,7339.34,11,0,0,474,25,0.23,1,0,0
ORD10581,CUST1592,Footwear,Wallet,5830.44,4,0,5,645,5,0.13,1,0,0
ORD10582,CUST1361,Electronics,UPI,1347.41,14,0,30,436,23,0.1,1,0,0
ORD10583,CUST1405,Home & Kitchen,COD,7079.1,10,0,5,776,5,0.0,1,0,0
ORD10584,CUST1026,Beauty,UPI,787.26,12,0,0,48,11,0.65,1,0,0
ORD10585,CUST1112,Apparel,Card,613.51,15,1,10,286,15,0.05,1,0,0
ORD10586,CUST1310,Footwear,Netbanking,6275.3,18,1,20,503,7,0.06,1,0,1
ORD10587,CUST1016,Apparel,Netbanking,4697.5,10,0,0,44,9,0.05,1,0,0
ORD10588,CUST1374,Electronics,Wallet,3114.51,17,0,0,355,10,0.16,1,0,0
ORD10589,CUST1348,Footwear,Netbanking,5897.27,14,1,10,753,24,0.6,1,0,1
ORD10590,CUST1315,Footwear,UPI,6569.37,14,1,5,820,31,0.21,1,0,1
ORD10591,CUST1236,Beauty,UPI,6508.77,23,0,30,269,32,0.1,1,0,0
ORD10592,CUST1293,Footwear,COD,6824.08,21,0,10,639,1,0.0,1,0,0
ORD10593,CUST1065,Beauty,UPI,5833.7,1,0,10,29,34,0.24,1,0,0
ORD10594,CUST1221,Apparel,UPI,1579.83,2,0,0,784,37,0.12,1,0,0
ORD10595,CUST1395,Footwear,Card,4189.29,3,0,5,585,9,0.25,1,1,1
ORD10596,CUST1153,Electronics,COD,1955.57,5,0,20,20,12,0.1,1,0,1
ORD10597,CUST1367,Footwear,Card,584.6,17,0,30,452,8,0.09,1,0,0
ORD10598,CUST1437,Footwear,COD,7668.06,1,0,30,2,31,0.1,1,0,0
ORD10599,CUST1346,Home & Kitchen,Netbanking,7733.89,5,0,0,107,32,0.04,1,0,0
ORD10600,CUST1307,Electronics,Netbanking,771.86,9,0,30,463,28,0.65,1,0,1
ORD10601,CUST1291,Apparel,COD,4795.4,2,1,20,507,25,0.08,1,0,0
ORD10602,CUST1477,Apparel,UPI,4685.45,21,0,0,619,38,0.78,1,0,1
ORD10603,CUST1557,Home & Kitchen,COD,752.67,18,1,0,801,29,0.13,1,0,1
ORD10604,CUST1315,Electronics,Wallet,6430.97,4,0,0,820,31,0.21,1,0,1
ORD10605,CUST1459,Home & Kitchen,COD,1456.16,16,0,30,655,34,0.1,1,0,0
ORD10606,CUST1426,Home & Kitchen,Netbanking,7116.06,0,0,10,196,9,0.24,1,0,0
ORD10607,CUST1547,Home & Kitchen,Wallet,6465.88,14,0,20,571,7,0.19,1,0,0
ORD10608,CUST1244,Beauty,COD,1476.47,23,1,30,365,14,0.03,1,0,0
ORD10609,CUST1022,Beauty,Netbanking,1414.59,10,0,0,40,32,0.24,1,0,0
ORD10610,CUST1055,Apparel,UPI,5100.6,23,0,0,658,7,0.05,1,0,0
ORD10611,CUST1013,Electronics,Netbanking,2760.52,21,0,5,788,8,0.1,1,0,1
ORD10612,CUST1380,Electronics,COD,3661.02,14,0,30,105,19,0.13,1,0,0
ORD10613,CUST1111,Home & Kitchen,Netbanking,1837.94,8,0,10,282,17,0.15,1,0,0
ORD10614,CUST1545,Apparel,UPI,3386.81,10,0,10,669,2,0.07,1,0,0
ORD10615,CUST1472,Home & Kitchen,Card,758.29,10,1,30,757,25,0.22,1,0,1
ORD10616,CUST1500,Footwear,Card,1371.5,12,0,30,232,30,0.09,1,0,0
ORD10617,CUST1548,Electronics,UPI,7078.19,0,0,10,591,36,0.22,1,0,0
ORD10618,CUST1076,Electronics,Netbanking,810.79,6,0,30,200,6,0.03,1,0,0
ORD10619,CUST1349,Footwear,COD,1477.68,21,0,0,308,34,0.16,3,0,1
ORD10620,CUST1050,Beauty,Wallet,1640.88,19,0,10,798,22,0.13,1,0,0
ORD10621,CUST1250,Home & Kitchen,Card,7634.34,21,0,20,787,10,0.09,1,0,0
ORD10622,CUST1078,Apparel,Netbanking,5723.13,16,1,30,413,40,0.17,1,0,0
ORD10623,CUST1250,Beauty,Wallet,5267.2,2,0,30,787,10,0.09,1,0,0
ORD10624,CUST1455,Beauty,Netbanking,902.53,14,1,0,476,3,0.08,1,0,0
ORD10625,CUST1124,Footwear,UPI,550.46,5,1,20,704,17,0.11,1,0,1
ORD10626,CUST1026,Electronics,Netbanking,6168.52,18,0,5,48,11,0.65,1,0,0
ORD10627,CUST1065,Footwear,COD,7899.83,23,1,0,29,34,0.24,1,0,1
ORD10628,CUST1590,Beauty,COD,4735.22,4,0,5,659,2,0.06,1,0,0
ORD10629,CUST1390,Footwear,Netbanking,2011.18,12,0,30,372,34,0.06,3,0,1
ORD10630,CUST1219,Beauty,UPI,6357.39,14,0,0,656,34,0.75,2,0,1
ORD10631,CUST1495,Home & Kitchen,Wallet,4383.08,15,1,30,346,13,0.21,1,0,1
ORD10632,CUST1222,Beauty,Netbanking,1211.6,3,1,10,255,10,0.12,1,0,0
ORD10633,CUST1234,Apparel,COD,4108.42,15,1,10,642,11,0.22,1,0,0
ORD10634,CUST1057,Electronics,UPI,5202.87,2,1,0,39,28,0.09,1,2,1
ORD10635,CUST1315,Apparel,Wallet,7752.99,2,0,10,820,31,0.21,1,0,0
ORD10636,CUST1336,Apparel,COD,3930.44,10,1,5,22,25,0.11,1,0,1
ORD10637,CUST1580,Home & Kitchen,Card,7431.84,7,0,30,469,39,0.05,1,0,0
ORD10638,CUST1485,Footwear,COD,5339.65,4,0,10,23,17,0.19,1,0,1
ORD10639,CUST1406,Apparel,Wallet,2793.22,16,0,0,854,14,0.69,1,0,0
ORD10640,CUST1363,Footwear,Netbanking,1736.78,1,0,0,658,18,0.01,1,0,0
ORD10641,CUST1098,Beauty,UPI,7465.66,13,0,20,829,4,0.14,1,0,0
ORD10642,CUST1233,Home & Kitchen,Card,290.57,22,1,0,410,13,0.15,1,0,1
ORD10643,CUST1077,Home & Kitchen,COD,4624.86,16,0,20,100,27,0.21,1,0,1
ORD10644,CUST1365,Home & Kitchen,Wallet,3811.3,3,0,30,771,13,0.14,1,0,0
ORD10645,CUST1344,Apparel,Wallet,7026.31,19,1,30,525,19,0.07,1,0,1
ORD10646,CUST1582,Apparel,Wallet,6865.38,12,1,0,291,15,0.04,1,0,1
ORD10647,CUST1205,Footwear,Netbanking,1713.89,16,0,20,537,7,0.15,2,0,1
ORD10648,CUST1521,Apparel,Netbanking,3633.68,2,0,0,619,4,0.63,1,0,0
ORD10649,CUST1515,Apparel,Wallet,1865.11,23,0,10,528,35,0.08,1,0,0
ORD10650,CUST1505,Footwear,Netbanking,7683.75,8,1,30,799,18,0.06,1,0,0
ORD10651,CUST1259,Footwear,COD,747.06,7,0,0,280,19,0.12,1,0,0
ORD10652,CUST1157,Home & Kitchen,Wallet,4808.87,3,1,10,473,7,0.16,1,0,0
ORD10653,CUST1554,Footwear,Wallet,1571.7,8,0,0,643,21,0.16,1,0,0
ORD10654,CUST1217,Beauty,Card,3655.37,3,0,10,185,20,0.04,1,0,0
ORD10655,CUST1323,Footwear,Netbanking,4481.64,9,0,0,638,22,0.08,1,0,0
ORD10656,CUST1021,Electronics,Card,3328.26,22,1,0,202,24,0.22,1,0,0
ORD10657,CUST1045,Home & Kitchen,Card,309.29,4,1,0,695,17,0.14,1,0,0
ORD10658,CUST1316,Home & Kitchen,Wallet,240.53,5,0,5,816,9,0.2,1,0,0
ORD10659,CUST1189,Footwear,UPI,2063.8,10,0,10,313,37,0.22,1,0,1
ORD10660,CUST1264,Footwear,Wallet,540.03,14,0,20,197,10,0.04,1,0,1
ORD10661,CUST1057,Beauty,Card,5636.29,6,0,20,39,28,0.09,1,2,1
ORD10662,CUST1122,Apparel,Netbanking,1015.41,22,0,5,312,31,0.18,1,0,0
ORD10663,CUST1597,Beauty,Wallet,657.77,3,0,0,327,2,0.13,1,0,0
ORD10664,CUST1317,Footwear,Netbanking,2154.18,8,0,0,886,14,0.21,1,1,0
ORD10665,CUST1021,Home & Kitchen,UPI,6820.66,1,1,30,202,24,0.22,1,0,1
ORD10666,CUST1468,Home & Kitchen,Card,4148.25,5,0,5,48,5,0.18,1,0,0
ORD10667,CUST1392,Electronics,Netbanking,7217.99,19,0,20,564,7,0.14,1,0,1
ORD10668,CUST1242,Apparel,UPI,575.35,21,0,0,562,16,0.08,1,0,0
ORD10669,CUST1001,Home & Kitchen,Wallet,3032.89,16,1,5,645,39,0.2,1,0,0
ORD10670,CUST1292,Electronics,Wallet,4465.37,5,0,5,787,6,0.23,1,0,0
ORD10671,CUST1008,Apparel,COD,839.56,7,0,5,111,18,0.69,1,0,1
ORD10672,CUST1309,Footwear,UPI,1945.64,11,0,0,481,35,0.1,1,0,0
ORD10673,CUST1465,Electronics,Wallet,5163.59,13,0,20,487,12,0.24,1,0,0
ORD10674,CUST1073,Beauty,Netbanking,2547.01,4,0,5,552,13,0.22,1,0,0
ORD10675,CUST1573,Beauty,COD,4724.93,12,0,5,666,18,0.08,1,0,0
ORD10676,CUST1029,Home & Kitchen,Wallet,4624.1,13,0,0,35,1,0.76,1,0,0
ORD10677,CUST1187,Apparel,Netbanking,1804.63,1,0,10,339,33,0.13,1,0,1
ORD10678,CUST1104,Footwear,Card,2352.83,15,0,0,741,20,0.02,1,0,0
ORD10679,CUST1145,Footwear,Wallet,5280.34,9,0,5,410,3,0.05,1,0,0
ORD10680,CUST1421,Apparel,Wallet,1885.77,19,1,0,892,4,0.25,1,0,0
ORD10681,CUST1170,Electronics,Netbanking,3657.69,16,0,10,808,18,0.21,1,0,0
ORD10682,CUST1509,Apparel,UPI,5515.85,3,0,0,709,32,0.06,1,0,1
ORD10683,CUST1035,Home & Kitchen,UPI,1120.52,17,0,0,595,29,0.11,1,0,0
ORD10684,CUST1589,Apparel,COD,5384.59,14,0,20,575,17,0.2,1,0,1
ORD10685,CUST1584,Apparel,COD,3843.34,4,0,5,475,4,0.03,1,0,1
ORD10686,CUST1570,Footwear,UPI,6201.47,1,0,5,702,30,0.23,1,0,0
ORD10687,CUST1359,Footwear,Card,3776.59,6,0,20,781,37,0.01,1,0,0
ORD10688,CUST1215,Footwear,Wallet,762.99,22,1,20,734,15,0.06,1,1,1
ORD10689,CUST1210,Beauty,COD,2956.57,6,0,5,155,2,0.16,1,0,0
ORD10690,CUST1077,Electronics,Wallet,2604.2,7,1,30,100,27,0.21,1,0,1
ORD10691,CUST1238,Home & Kitchen,Card,2795.37,10,0,0,741,7,0.01,1,0,0
ORD10692,CUST1517,Home & Kitchen,Wallet,4471.15,23,0,0,655,7,0.71,1,0,1
ORD10693,CUST1243,Footwear,UPI,4407.84,1,0,0,855,17,0.13,1,0,1
ORD10694,CUST1040,Beauty,COD,7177.1,8,0,0,442,12,0.22,1,0,0
ORD10695,CUST1367,Beauty,COD,4689.17,11,0,0,452,8,0.09,1,0,0
ORD10696,CUST1012,Electronics,Card,5359.68,21,0,30,499,11,0.17,1,0,0
ORD10697,CUST1322,Footwear,COD,604.19,20,0,30,595,29,0.01,1,0,0
ORD10698,CUST1134,Beauty,UPI,7829.07,8,0,0,825,4,0.18,1,0,0
ORD10699,CUST1451,Footwear,UPI,4988.31,0,0,10,729,22,0.01,1,0,0
ORD10700,CUST1296,Footwear,Netbanking,1555.27,13,0,0,760,11,0.05,1,0,0
ORD10701,CUST1202,Beauty,COD,7901.61,1,1,0,431,8,0.08,1,0,0
ORD10702,CUST1457,Footwear,UPI,1670.37,21,0,10,256,18,0.05,1,1,1
ORD10703,CUST1512,Footwear,COD,5955.86,5,0,10,468,18,0.13,1,0,1
ORD10704,CUST1594,Electronics,Wallet,1579.07,16,0,30,826,17,0.08,1,0,0
ORD10705,CUST1575,Footwear,COD,5105.33,9,0,10,768,4,0.14,1,0,0
ORD10706,CUST1336,Beauty,UPI,2099.3,14,0,20,22,25,0.11,1,0,0
ORD10707,CUST1510,Home & Kitchen,Card,5616.48,21,0,10,455,33,0.14,1,0,0
ORD10708,CUST1307,Electronics,COD,3107.26,20,1,5,463,28,0.65,1,0,0
ORD10709,CUST1167,Footwear,COD,7423.63,3,1,10,340,26,0.16,1,0,0
ORD10710,CUST1533,Beauty,Card,7400.34,17,1,0,513,0,0.12,1,0,0
ORD10711,CUST1113,Electronics,Card,5463.52,4,0,10,900,2,0.16,1,0,0
ORD10712,CUST1267,Beauty,Card,2843.06,18,0,30,65,4,0.2,1,2,0
ORD10713,CUST1475,Apparel,UPI,4216.06,6,1,30,753,30,0.16,1,0,0
ORD10714,CUST1052,Beauty,Netbanking,4715.37,4,0,5,740,24,0.03,1,0,0
ORD10715,CUST1148,Footwear,Wallet,4521.0,3,0,0,896,10,0.1,1,0,1
ORD10716,CUST1003,Electronics,Card,5386.7,10,0,10,631,10,0.16,1,0,0
ORD10717,CUST1050,Footwear,COD,7309.69,15,1,10,798,22,0.13,4,0,1
ORD10718,CUST1453,Beauty,Card,5836.5,7,0,30,280,11,0.01,1,0,0
ORD10719,CUST1316,Home & Kitchen,COD,607.87,13,0,0,816,9,0.2,1,0,0
ORD10720,CUST1457,Apparel,Netbanking,2979.38,11,0,0,256,18,0.05,1,0,1
ORD10721,CUST1581,Home & Kitchen,UPI,3242.04,16,1,0,42,32,0.63,1,0,1
ORD10722,CUST1288,Apparel,UPI,2554.94,0,0,0,181,1,0.24,1,0,1
ORD10723,CUST1046,Apparel,Netbanking,412.14,20,0,20,140,25,0.11,1,3,1
ORD10724,CUST1165,Home & Kitchen,UPI,3509.53,14,0,0,128,27,0.1,1,0,1
ORD10725,CUST1313,Beauty,UPI,862.93,2,1,30,550,0,0.22,1,0,0
ORD10726,CUST1409,Beauty,UPI,5084.08,4,1,10,154,13,0.06,1,0,0
ORD10727,CUST1275,Electronics,UPI,3320.92,11,0,0,696,8,0.01,1,0,0
ORD10728,CUST1118,Beauty,Card,1702.48,2,1,10,400,9,0.09,1,0,0
ORD10729,CUST1362,Home & Kitchen,Card,7329.97,2,0,30,231,16,0.08,1,0,1
ORD10730,CUST1149,Beauty,Card,4615.18,8,0,0,830,33,0.03,1,0,0
ORD10731,CUST1583,Beauty,Card,576.29,1,0,0,269,15,0.08,1,0,0
ORD10732,CUST1032,Apparel,Netbanking,751.02,2,0,10,80,26,0.24,1,0,1
ORD10733,CUST1314,Footwear,Netbanking,4911.34,15,0,0,76,6,0.14,1,0,0
ORD10734,CUST1421,Footwear,Netbanking,5464.84,14,0,30,892,4,0.25,1,0,0
ORD10735,CUST1225,Beauty,COD,1428.92,4,1,5,535,2,0.0,1,0,0
ORD10736,CUST1463,Footwear,Wallet,6436.14,6,1,0,565,17,0.2,4,0,1
ORD10737,CUST1072,Beauty,UPI,3956.39,7,1,10,544,27,0.01,1,0,0
ORD10738,CUST1450,Footwear,UPI,1856.02,14,0,0,3,36,0.07,1,0,1
ORD10739,CUST1540,Beauty,Wallet,409.31,3,1,0,76,40,0.13,1,0,1
ORD10740,CUST1033,Beauty,Wallet,2589.34,14,0,20,679,24,0.68,1,3,1
ORD10741,CUST1435,Footwear,COD,5721.38,17,0,0,719,21,0.07,1,0,1
ORD10742,CUST1024,Home & Kitchen,Netbanking,6778.89,14,0,0,130,14,0.12,1,0,0
ORD10743,CUST1255,Electronics,UPI,1007.46,21,0,20,835,11,0.16,1,0,0
ORD10744,CUST1039,Apparel,Netbanking,1258.45,14,1,0,453,31,0.22,1,0,1
ORD10745,CUST1018,Footwear,COD,5147.44,11,0,20,616,23,0.09,1,0,1
ORD10746,CUST1423,Footwear,Wallet,3179.3,7,0,10,454,33,0.07,1,0,1
ORD10747,CUST1217,Electronics,COD,5910.54,20,1,0,185,20,0.04,1,0,0
ORD10748,CUST1091,Electronics,Card,2580.76,7,1,0,481,6,0.0,1,0,0
ORD10749,CUST1539,Footwear,UPI,2105.44,17,1,0,607,7,0.06,1,0,0
ORD10750,CUST1186,Footwear,UPI,2737.67,5,1,5,859,26,0.21,1,0,0
ORD10751,CUST1409,Beauty,Wallet,6119.07,18,0,0,154,13,0.06,1,0,1
ORD10752,CUST1564,Apparel,Netbanking,1986.29,8,0,30,124,23,0.17,2,0,0
ORD10753,CUST1146,Home & Kitchen,Netbanking,7774.5,11,0,20,814,33,0.19,1,0,0
ORD10754,CUST1154,Apparel,Netbanking,1050.94,7,0,0,214,2,0.14,1,0,0
ORD10755,CUST1155,Apparel,COD,7803.27,2,0,10,319,20,0.08,1,0,0
ORD10756,CUST1020,Apparel,COD,4452.23,1,0,0,838,39,0.06,1,0,1
ORD10757,CUST1178,Footwear,COD,3146.75,8,0,10,373,15,0.19,1,0,1
ORD10758,CUST1061,Footwear,Card,7604.22,8,0,5,227,28,0.13,1,0,1
ORD10759,CUST1044,Apparel,Wallet,7698.63,14,0,5,640,28,0.08,1,0,0
ORD10760,CUST1177,Apparel,UPI,5238.63,3,1,10,838,21,0.15,1,0,1
ORD10761,CUST1593,Home & Kitchen,Card,7187.91,9,1,20,69,22,0.17,1,0,0
ORD10762,CUST1120,Apparel,Netbanking,6415.81,15,1,20,81,34,0.02,1,0,1
ORD10763,CUST1474,Beauty,UPI,1607.27,0,0,30,217,39,0.01,1,0,0
ORD10764,CUST1248,Home & Kitchen,COD,4201.1,3,1,0,93,27,0.03,1,0,0
ORD10765,CUST1141,Beauty,Wallet,3711.37,1,0,0,203,11,0.09,1,0,0
ORD10766,CUST1387,Electronics,Wallet,3826.92,7,0,10,30,18,0.2,1,0,0
ORD10767,CUST1075,Electronics,COD,2913.48,9,0,5,356,11,0.08,1,0,0
ORD10768,CUST1550,Footwear,Card,3809.79,6,0,10,800,3,0.11,1,0,1
ORD10769,CUST1440,Electronics,Card,336.7,22,1,5,598,25,0.83,1,0,1
ORD10770,CUST1049,Apparel,Wallet,7337.01,21,0,10,183,0,0.19,1,0,0
ORD10771,CUST1071,Beauty,Wallet,1373.3,3,0,10,749,37,0.03,1,0,0
ORD10772,CUST1484,Footwear,COD,5634.69,19,0,0,26,8,0.19,1,0,1
ORD10773,CUST1318,Electronics,COD,2478.72,2,0,10,870,39,0.12,1,0,0
ORD10774,CUST1316,Apparel,UPI,3039.52,20,0,0,816,9,0.2,1,0,0
ORD10775,CUST1458,Beauty,COD,5150.59,13,0,5,72,21,0.01,1,0,0
ORD10776,CUST1368,Beauty,Wallet,5763.77,6,1,5,328,4,0.21,1,0,0
ORD10777,CUST1524,Home & Kitchen,UPI,5401.11,5,0,30,207,40,0.56,1,0,0
ORD10778,CUST1433,Beauty,UPI,5998.79,21,0,20,694,39,0.21,1,0,1
ORD10779,CUST1494,Home & Kitchen,Netbanking,3917.59,20,1,0,839,18,0.21,1,1,0
ORD10780,CUST1432,Electronics,Netbanking,5107.08,7,1,20,440,34,0.15,1,0,0
ORD10781,CUST1184,Footwear,COD,424.61,17,0,5,688,9,0.1,1,3,1
ORD10782,CUST1221,Home & Kitchen,UPI,1035.96,6,1,30,784,37,0.12,1,0,0
ORD10783,CUST1120,Home & Kitchen,Netbanking,1796.91,10,0,0,81,34,0.02,2,0,1
ORD10784,CUST1536,Footwear,COD,7658.1,18,0,0,780,23,0.18,1,0,0
ORD10785,CUST1593,Electronics,Wallet,1328.56,13,0,20,69,22,0.17,1,0,0
ORD10786,CUST1528,Beauty,Wallet,3707.15,3,0,10,277,12,0.17,1,0,0
ORD10787,CUST1034,Home & Kitchen,COD,7596.45,3,1,20,119,16,0.86,1,0,1
ORD10788,CUST1497,Footwear,Netbanking,2839.08,13,1,0,617,39,0.08,1,0,0
ORD10789,CUST1228,Beauty,Card,5201.71,7,0,30,473,5,0.23,1,0,0
ORD10790,CUST1278,Beauty,COD,2300.99,5,0,5,891,18,0.06,1,0,1
ORD10791,CUST1346,Beauty,UPI,7414.82,7,1,5,107,32,0.04,1,0,0
ORD10792,CUST1021,Home & Kitchen,COD,7139.49,11,1,30,202,24,0.22,1,0,1
ORD10793,CUST1511,Apparel,Wallet,4800.12,13,0,0,292,1,0.07,1,0,0
ORD10794,CUST1093,Beauty,Netbanking,3182.51,4,0,0,584,11,0.13,1,0,0
ORD10795,CUST1335,Electronics,Card,1642.23,12,1,10,518,20,0.12,1,0,0
ORD10796,CUST1103,Footwear,Card,4863.96,8,0,20,419,24,0.01,1,0,0
ORD10797,CUST1598,Apparel,Netbanking,4693.56,15,1,0,638,36,0.03,1,0,0
ORD10798,CUST1352,Home & Kitchen,Netbanking,235.28,0,1,0,513,6,0.1,2,0,0
ORD10799,CUST1082,Beauty,Wallet,601.35,16,1,5,177,10,0.25,1,0,0
ORD10800,CUST1007,Home & Kitchen,COD,4694.12,1,1,30,323,14,0.13,1,0,1
ORD10801,CUST1244,Electronics,UPI,4056.31,20,0,5,365,14,0.03,1,0,0
ORD10802,CUST1333,Footwear,Wallet,3542.32,3,0,10,810,23,0.0,1,0,0
ORD10803,CUST1496,Home & Kitchen,UPI,3553.34,4,0,0,808,36,0.07,1,0,0
ORD10804,CUST1145,Home & Kitchen,COD,6088.41,0,0,5,410,3,0.05,1,0,0
ORD10805,CUST1404,Electronics,Card,1493.31,17,1,10,33,9,0.21,1,0,0
ORD10806,CUST1300,Electronics,COD,2871.55,11,0,30,593,20,0.11,1,0,0
ORD10807,CUST1020,Home & Kitchen,Card,4919.59,3,1,20,838,39,0.06,1,0,0
ORD10808,CUST1494,Footwear,Card,7771.6,1,0,30,839,18,0.21,1,0,1
ORD10809,CUST1093,Apparel,COD,4505.06,19,0,10,584,11,0.13,1,0,0
ORD10810,CUST1026,Home & Kitchen,COD,5811.3,5,0,30,48,11,0.65,1,0,1
ORD10811,CUST1076,Footwear,UPI,6200.85,23,1,0,200,6,0.03,1,0,0
ORD10812,CUST1354,Electronics,UPI,6145.15,8,0,30,462,7,0.01,2,0,0
ORD10813,CUST1210,Footwear,UPI,6447.63,9,0,5,155,2,0.16,4,0,1
ORD10814,CUST1102,Electronics,UPI,334.66,16,1,0,734,18,0.01,1,0,0
ORD10815,CUST1259,Apparel,Card,1019.75,18,1,30,280,19,0.12,1,0,0
ORD10816,CUST1146,Footwear,Wallet,1280.78,5,1,5,814,33,0.19,1,0,0
ORD10817,CUST1237,Beauty,Netbanking,3570.15,2,0,0,370,3,0.04,1,0,0
ORD10818,CUST1368,Footwear,COD,3031.99,23,0,0,328,4,0.21,1,0,1
ORD10819,CUST1392,Home & Kitchen,Netbanking,2084.6,5,0,0,564,7,0.14,1,0,0
ORD10820,CUST1534,Beauty,Card,5318.31,12,0,0,195,31,0.18,2,0,1
ORD10821,CUST1210,Apparel,UPI,3731.1,21,0,0,155,2,0.16,1,0,0
ORD10822,CUST1223,Electronics,COD,7081.49,20,0,20,324,26,0.12,1,0,0
ORD10823,CUST1144,Beauty,COD,3592.38,12,0,10,413,21,0.17,1,0,1
ORD10824,CUST1494,Beauty,Card,1997.67,22,0,20,839,18,0.21,1,1,0
ORD10825,CUST1442,Electronics,Netbanking,4520.41,19,0,0,298,20,0.21,1,0,0
ORD10826,CUST1352,Electronics,Netbanking,7522.78,14,0,10,513,6,0.1,1,0,0
ORD10827,CUST1215,Footwear,Card,4531.05,20,0,0,734,15,0.06,1,0,0
ORD10828,CUST1530,Footwear,Card,4635.05,15,0,10,735,20,0.12,1,0,0
ORD10829,CUST1379,Footwear,UPI,1192.97,20,0,0,424,33,0.11,1,0,0
ORD10830,CUST1227,Beauty,Netbanking,2686.36,8,0,0,735,39,0.06,1,0,0
ORD10831,CUST1343,Footwear,Wallet,7585.39,16,0,0,520,36,0.03,2,0,0
ORD10832,CUST1438,Home & Kitchen,Wallet,4350.04,0,0,30,58,5,0.08,1,0,0
ORD10833,CUST1474,Footwear,Netbanking,4695.73,5,0,10,217,39,0.01,1,0,1
ORD10834,CUST1164,Apparel,Wallet,4349.15,18,1,0,858,29,0.15,1,0,0
ORD10835,CUST1561,Beauty,UPI,3604.03,2,0,0,701,16,0.74,1,0,1
ORD10836,CUST1050,Electronics,UPI,5702.26,1,0,30,798,22,0.13,1,0,1
ORD10837,CUST1182,Electronics,Netbanking,1807.53,21,1,0,147,33,0.69,1,0,1
ORD10838,CUST1044,Beauty,Card,4799.75,17,1,0,640,28,0.08,1,0,0
ORD10839,CUST1100,Footwear,Wallet,3062.74,13,1,5,60,27,0.24,1,0,1
ORD10840,CUST1426,Footwear,Wallet,6485.94,20,0,10,196,9,0.24,1,0,1
ORD10841,CUST1392,Home & Kitchen,COD,6553.81,16,0,0,564,7,0.14,1,0,0
ORD10842,CUST1355,Footwear,UPI,2984.86,22,1,30,561,20,0.1,1,0,1
ORD10843,CUST1556,Home & Kitchen,UPI,6149.98,7,0,20,689,26,0.07,1,0,0
ORD10844,CUST1198,Beauty,COD,537.99,20,0,5,900,13,0.05,1,0,0
ORD10845,CUST1126,Apparel,Wallet,2358.7,6,1,10,406,37,0.1,1,0,1
ORD10846,CUST1168,Home & Kitchen,COD,4557.06,23,0,0,808,15,0.17,1,0,0
ORD10847,CUST1258,Home & Kitchen,Wallet,3257.03,6,0,30,461,24,0.89,1,0,1
ORD10848,CUST1591,Footwear,UPI,1287.4,9,0,20,310,37,0.09,1,0,0
ORD10849,CUST1599,Footwear,Wallet,7806.53,12,0,20,672,6,0.13,1,0,0
ORD10850,CUST1560,Apparel,Card,4144.85,6,1,20,60,23,0.02,1,0,0
ORD10851,CUST1406,Apparel,UPI,5184.62,19,0,5,854,14,0.69,1,0,1
ORD10852,CUST1172,Home & Kitchen,Netbanking,6102.93,9,0,5,203,33,0.25,1,0,0
ORD10853,CUST1105,Electronics,UPI,4161.23,15,0,20,774,15,0.01,2,0,0
ORD10854,CUST1427,Electronics,Netbanking,2244.09,12,0,30,411,34,0.01,1,0,0
ORD10855,CUST1086,Apparel,Wallet,4404.03,18,1,0,620,10,0.02,1,0,1
ORD10856,CUST1515,Beauty,UPI,2122.53,13,1,20,528,35,0.08,1,0,0
ORD10857,CUST1338,Home & Kitchen,Wallet,6598.0,21,0,0,531,37,0.05,1,0,0
ORD10858,CUST1214,Electronics,UPI,498.72,12,0,10,115,38,0.11,1,0,1
ORD10859,CUST1443,Apparel,Netbanking,1297.33,2,0,20,221,28,0.2,1,0,0
ORD10860,CUST1359,Electronics,Wallet,4643.14,17,1,10,781,37,0.01,1,0,0
ORD10861,CUST1212,Footwear,Netbanking,5931.03,0,0,30,675,30,0.2,1,0,0
ORD10862,CUST1147,Beauty,UPI,4765.18,11,1,30,12,30,0.23,1,0,0
ORD10863,CUST1427,Apparel,COD,4460.46,15,1,10,411,34,0.01,2,0,1
ORD10864,CUST1052,Apparel,Netbanking,2183.8,19,1,0,740,24,0.03,1,0,1
ORD10865,CUST1549,Footwear,Wallet,5523.5,6,0,10,277,36,0.04,1,0,1
ORD10866,CUST1202,Apparel,Wallet,7892.42,1,0,10,431,8,0.08,1,0,0
ORD10867,CUST1053,Electronics,Card,2868.79,23,1,0,386,35,0.14,1,0,0
ORD10868,CUST1243,Beauty,Wallet,4851.79,14,1,30,855,17,0.13,1,0,0
ORD10869,CUST1319,Electronics,UPI,5129.55,22,0,20,546,40,0.08,1,0,0
ORD10870,CUST1141,Footwear,Card,1335.7,8,1,0,203,11,0.09,1,0,0
ORD10871,CUST1039,Footwear,Card,3375.27,20,0,0,453,31,0.22,1,0,1
ORD10872,CUST1451,Electronics,Netbanking,916.02,6,0,10,729,22,0.01,1,0,0
ORD10873,CUST1254,Footwear,Wallet,6127.66,20,0,10,75,1,0.01,1,0,0
ORD10874,CUST1375,Electronics,Netbanking,1712.16,19,1,5,464,36,0.15,1,0,0
ORD10875,CUST1253,Electronics,Card,4121.11,1,1,0,387,31,0.21,1,0,0
ORD10876,CUST1283,Home & Kitchen,UPI,3639.56,20,0,5,565,16,0.14,1,0,0
ORD10877,CUST1068,Electronics,UPI,4833.11,5,1,10,836,30,0.13,2,0,0
ORD10878,CUST1019,Beauty,Netbanking,7275.99,3,0,20,589,8,0.22,1,0,0
ORD10879,CUST1030,Apparel,COD,1964.65,2,1,5,140,4,0.58,1,0,1
ORD10880,CUST1535,Footwear,UPI,6760.45,21,0,5,195,24,0.71,1,3,1
ORD10881,CUST1326,Footwear,Wallet,7126.4,20,0,0,127,6,0.09,1,0,1
ORD10882,CUST1325,Apparel,UPI,6528.93,21,0,30,273,27,0.09,1,0,1
ORD10883,CUST1512,Footwear,UPI,6188.31,18,0,20,468,18,0.13,1,0,1
ORD10884,CUST1184,Beauty,Wallet,2734.34,16,1,30,688,9,0.1,1,1,1
ORD10885,CUST1340,Beauty,Netbanking,1974.29,3,0,30,260,30,0.19,1,0,0
ORD10886,CUST1297,Footwear,UPI,1729.51,15,0,0,182,22,0.03,1,0,0
ORD10887,CUST1060,Beauty,UPI,6569.3,22,0,20,706,28,0.24,1,0,0
ORD10888,CUST1396,Beauty,Netbanking,7440.19,16,0,0,534,34,0.02,1,0,0
ORD10889,CUST1472,Apparel,COD,4800.63,12,1,20,757,25,0.22,1,0,0
ORD10890,CUST1037,Footwear,Netbanking,7097.39,2,0,0,510,39,0.17,1,0,0
ORD10891,CUST1587,Home & Kitchen,COD,4566.23,11,0,0,789,38,0.2,1,0,0
ORD10892,CUST1099,Home & Kitchen,UPI,4486.22,11,0,5,164,24,0.12,1,0,0
ORD10893,CUST1178,Beauty,UPI,6545.15,7,1,30,373,15,0.19,1,0,0
ORD10894,CUST1589,Beauty,Card,2717.91,10,0,0,575,17,0.2,1,0,0
ORD10895,CUST1402,Beauty,UPI,7859.14,11,0,5,628,20,0.23,1,0,0
ORD10896,CUST1152,Apparel,UPI,7537.89,13,0,30,492,29,0.02,1,0,1
ORD10897,CUST1389,Electronics,Card,7783.16,4,1,20,548,37,0.19,1,0,0
ORD10898,CUST1281,Beauty,UPI,6352.39,11,0,20,444,7,0.04,1,0,0
ORD10899,CUST1224,Beauty,COD,7674.38,13,0,30,132,31,0.19,1,0,1
ORD10900,CUST1204,Footwear,Wallet,5872.72,6,1,5,738,15,0.13,1,0,0
ORD10901,CUST1367,Electronics,Card,1354.72,9,0,10,452,8,0.09,1,0,0
ORD10902,CUST1388,Electronics,Card,6235.62,5,1,30,842,34,0.21,1,0,0
ORD10903,CUST1466,Home & Kitchen,UPI,3794.74,4,0,0,276,29,0.17,1,0,0
ORD10904,CUST1392,Electronics,Netbanking,6608.61,14,0,10,564,7,0.14,1,0,0
ORD10905,CUST1004,Footwear,Netbanking,6999.37,11,0,30,248,38,0.01,1,1,1
ORD10906,CUST1584,Footwear,Netbanking,5401.07,10,0,30,475,4,0.03,1,0,0
ORD10907,CUST1289,Footwear,COD,7504.15,0,0,30,25,35,0.08,1,0,0
ORD10908,CUST1535,Home & Kitchen,Wallet,7986.97,12,1,30,195,24,0.71,1,1,0
ORD10909,CUST1048,Electronics,Card,609.52,20,0,30,656,23,0.24,1,0,0
ORD10910,CUST1228,Home & Kitchen,Netbanking,7668.15,12,1,30,473,5,0.23,1,0,0
ORD10911,CUST1312,Apparel,UPI,5561.24,4,0,20,891,2,0.18,1,0,0
ORD10912,CUST1458,Electronics,Wallet,3120.15,16,1,5,72,21,0.01,1,0,0
ORD10913,CUST1003,Footwear,COD,5607.51,19,0,0,631,10,0.16,1,0,0
ORD10914,CUST1173,Electronics,Wallet,3025.88,17,1,0,28,40,0.16,1,0,0
ORD10915,CUST1530,Home & Kitchen,Wallet,3108.47,13,0,5,735,20,0.12,1,0,0
ORD10916,CUST1558,Apparel,Netbanking,3944.02,15,0,10,208,8,0.15,1,0,0
ORD10917,CUST1500,Footwear,Netbanking,4171.0,2,1,30,232,30,0.09,1,0,0
ORD10918,CUST1411,Apparel,Card,7667.27,12,0,20,189,19,0.06,1,0,1
ORD10919,CUST1548,Home & Kitchen,Netbanking,3137.61,16,0,0,591,36,0.22,1,0,0
ORD10920,CUST1021,Electronics,UPI,5598.65,3,0,10,202,24,0.22,1,0,0
ORD10921,CUST1072,Beauty,UPI,2446.58,12,0,10,544,27,0.01,1,0,0
ORD10922,CUST1348,Footwear,COD,7086.24,0,0,30,753,24,0.6,1,0,0
ORD10923,CUST1126,Footwear,Netbanking,1465.99,7,1,10,406,37,0.1,1,0,0
ORD10924,CUST1159,Home & Kitchen,Wallet,7628.93,7,1,0,819,13,0.23,1,0,0
ORD10925,CUST1147,Apparel,Card,4671.4,2,0,5,12,30,0.23,1,0,1
ORD10926,CUST1255,Beauty,Wallet,4494.74,5,0,10,835,11,0.16,1,0,0
ORD10927,CUST1415,Electronics,Wallet,1719.25,23,0,0,809,14,0.08,1,0,0
ORD10928,CUST1263,Apparel,COD,4450.79,22,1,0,107,1,0.08,1,0,0
ORD10929,CUST1539,Footwear,UPI,4993.11,22,0,10,607,7,0.06,1,0,0
ORD10930,CUST1290,Home & Kitchen,Netbanking,449.25,20,1,0,374,0,0.19,1,0,0
ORD10931,CUST1149,Beauty,UPI,3616.28,15,0,5,830,33,0.03,1,0,0
ORD10932,CUST1136,Electronics,UPI,5747.97,22,0,20,555,40,0.01,1,0,0
ORD10933,CUST1038,Electronics,Wallet,1768.81,3,0,30,147,39,0.05,1,2,0
ORD10934,CUST1206,Apparel,Card,1084.04,21,0,0,684,14,0.07,1,0,1
ORD10935,CUST1322,Electronics,COD,3891.57,4,0,20,595,29,0.01,1,0,1
ORD10936,CUST1058,Beauty,COD,5560.45,14,0,5,224,4,0.11,1,0,0
ORD10937,CUST1591,Footwear,Card,1033.85,5,0,10,310,37,0.09,1,0,0
ORD10938,CUST1354,Electronics,UPI,4531.57,9,1,30,462,7,0.01,1,0,0
ORD10939,CUST1007,Apparel,Card,3981.72,12,1,10,323,14,0.13,1,0,1
ORD10940,CUST1361,Apparel,COD,2043.39,10,0,20,436,23,0.1,1,0,0
ORD10941,CUST1417,Footwear,COD,2406.02,5,0,5,390,4,0.11,4,0,0
ORD10942,CUST1143,Beauty,Netbanking,7550.7,13,0,30,320,40,0.14,1,0,0
ORD10943,CUST1481,Electronics,UPI,7742.73,4,0,30,445,3,0.12,1,0,0
ORD10944,CUST1103,Home & Kitchen,Wallet,6561.87,3,0,20,419,24,0.01,1,0,0
ORD10945,CUST1404,Electronics,UPI,7673.94,5,0,0,33,9,0.21,1,3,1
ORD10946,CUST1333,Footwear,Wallet,3144.43,14,1,5,810,23,0.0,1,0,0
ORD10947,CUST1267,Beauty,Netbanking,4664.55,17,0,0,65,4,0.2,1,0,0
ORD10948,CUST1409,Apparel,Wallet,2557.07,0,1,20,154,13,0.06,1,0,0
ORD10949,CUST1304,Footwear,Netbanking,5361.35,22,1,10,644,27,0.13,1,0,0
ORD10950,CUST1270,Home & Kitchen,Wallet,5007.05,0,0,0,651,16,0.09,1,0,0
ORD10951,CUST1599,Apparel,Wallet,838.05,14,1,30,672,6,0.13,1,0,0
ORD10952,CUST1316,Apparel,Netbanking,7361.5,5,1,10,816,9,0.2,1,0,0
ORD10953,CUST1470,Apparel,UPI,1450.04,13,0,30,252,31,0.25,2,0,1
ORD10954,CUST1379,Footwear,UPI,3111.22,12,0,10,424,33,0.11,1,0,1
ORD10955,CUST1080,Footwear,COD,5877.33,0,1,5,703,12,0.2,1,0,1
ORD10956,CUST1578,Footwear,Card,7102.62,23,1,30,810,13,0.21,1,0,0
ORD10957,CUST1471,Beauty,UPI,1885.78,4,0,10,344,19,0.01,1,0,0
ORD10958,CUST1149,Apparel,Card,959.39,17,0,20,830,33,0.03,1,0,0
ORD10959,CUST1532,Home & Kitchen,COD,7577.58,1,1,0,338,24,0.6,2,0,0
ORD10960,CUST1097,Home & Kitchen,COD,2484.05,16,1,20,521,26,0.24,1,0,0
ORD10961,CUST1184,Electronics,Wallet,2247.88,13,1,0,688,9,0.1,1,2,0
ORD10962,CUST1258,Electronics,Wallet,4848.8,1,1,5,461,24,0.89,1,0,1
ORD10963,CUST1382,Footwear,Card,7030.06,9,0,10,366,19,0.02,1,0,0
ORD10964,CUST1255,Beauty,UPI,6508.39,13,0,20,835,11,0.16,1,0,0
ORD10965,CUST1125,Beauty,Wallet,3925.67,11,0,10,410,33,0.06,1,0,0
ORD10966,CUST1333,Footwear,COD,558.76,13,1,10,810,23,0.0,1,0,0
ORD10967,CUST1359,Electronics,Netbanking,6927.41,18,0,0,781,37,0.01,1,0,0
ORD10968,CUST1543,Electronics,Wallet,959.65,5,0,5,433,37,0.85,1,0,0
ORD10969,CUST1140,Home & Kitchen,Netbanking,286.08,11,0,10,64,29,0.0,1,0,1
ORD10970,CUST1594,Beauty,Netbanking,789.55,7,0,0,826,17,0.08,1,0,1
ORD10971,CUST1282,Electronics,Wallet,5919.6,19,0,20,281,40,0.1,1,0,0
ORD10972,CUST1156,Footwear,Netbanking,1869.27,6,0,30,733,4,0.68,1,0,1
ORD10973,CUST1089,Footwear,Netbanking,6992.9,18,1,20,416,8,0.22,1,0,1
ORD10974,CUST1181,Electronics,COD,6001.84,9,0,5,607,40,0.2,1,0,0
ORD10975,CUST1076,Apparel,Netbanking,5669.26,1,0,0,200,6,0.03,1,0,0
ORD10976,CUST1202,Apparel,UPI,6142.73,9,1,0,431,8,0.08,1,0,0
ORD10977,CUST1370,Home & Kitchen,UPI,3438.66,1,0,10,117,13,0.02,1,0,0
ORD10978,CUST1239,Apparel,Netbanking,7007.41,15,0,0,391,20,0.06,2,0,0
ORD10979,CUST1096,Electronics,UPI,7662.78,1,0,10,385,0,0.02,1,0,0
ORD10980,CUST1303,Home & Kitchen,Netbanking,5393.46,5,0,10,660,3,0.62,1,0,0
ORD10981,CUST1319,Electronics,Wallet,945.48,14,0,5,546,40,0.08,1,0,0
ORD10982,CUST1347,Beauty,UPI,3382.84,16,0,10,627,7,0.1,1,0,0
ORD10983,CUST1338,Electronics,Card,5335.34,5,1,30,531,37,0.05,1,0,0
ORD10984,CUST1541,Beauty,Netbanking,5360.35,22,1,10,420,9,0.68,1,0,0
ORD10985,CUST1352,Electronics,UPI,488.16,20,0,0,513,6,0.1,1,0,0
ORD10986,CUST1594,Home & Kitchen,UPI,906.89,23,0,0,826,17,0.08,1,0,0
ORD10987,CUST1553,Electronics,Wallet,3125.75,18,0,5,390,35,0.15,1,0,1
ORD10988,CUST1275,Footwear,UPI,6933.79,8,1,20,696,8,0.01,1,0,1
ORD10989,CUST1195,Beauty,Wallet,2615.92,11,0,5,25,20,0.04,1,0,0
ORD10990,CUST1467,Beauty,Netbanking,7866.81,3,1,5,587,15,0.1,1,2,0
ORD10991,CUST1242,Footwear,COD,1441.98,18,1,5,562,16,0.08,1,0,0
ORD10992,CUST1158,Footwear,UPI,5539.89,7,1,5,244,18,0.75,1,0,1
ORD10993,CUST1315,Electronics,Netbanking,4762.97,17,0,20,820,31,0.21,1,0,0
ORD10994,CUST1324,Electronics,UPI,6920.29,5,0,0,735,23,0.85,1,0,0
ORD10995,CUST1557,Beauty,UPI,7602.49,21,1,10,801,29,0.13,1,0,0
ORD10996,CUST1561,Home & Kitchen,COD,2128.86,6,0,20,701,16,0.74,1,0,0
ORD10997,CUST1577,Electronics,Netbanking,2662.96,3,1,0,112,35,0.01,1,0,0
ORD10998,CUST1592,Footwear,Netbanking,1271.24,1,1,30,645,5,0.13,1,0,0
ORD10999,CUST1235,Footwear,COD,1191.02,2,0,0,708,17,0.09,1,0,0
ORD11000,CUST1439,Home & Kitchen,Netbanking,4788.85,4,1,5,28,17,0.13,1,0,0
ORD11001,CUST1379,Home & Kitchen,Netbanking,1353.91,17,0,30,424,33,0.11,1,0,0
ORD11002,CUST1370,Electronics,Wallet,2811.68,1,0,0,117,13,0.02,1,0,0
ORD11003,CUST1357,Beauty,Card,7291.61,16,0,0,10,23,0.1,1,0,0
ORD11004,CUST1461,Footwear,Wallet,1857.21,3,1,20,829,32,0.23,1,0,0
ORD11005,CUST1070,Apparel,UPI,7805.15,19,0,10,13,18,0.08,3,0,1
ORD11006,CUST1552,Beauty,Netbanking,4093.84,20,0,0,192,23,0.13,1,3,0
ORD11007,CUST1571,Apparel,COD,5097.58,11,0,10,121,2,0.18,1,0,1
ORD11008,CUST1216,Footwear,Wallet,1441.15,6,0,5,268,2,0.05,1,0,0
ORD11009,CUST1012,Electronics,Card,5034.65,1,0,0,499,11,0.17,1,0,0
ORD11010,CUST1505,Footwear,COD,3818.05,2,0,10,799,18,0.06,1,0,1
ORD11011,CUST1317,Electronics,COD,7224.39,13,0,5,886,14,0.21,1,0,0
ORD11012,CUST1105,Footwear,Netbanking,1620.83,21,1,20,774,15,0.01,1,0,1
ORD11013,CUST1012,Home & Kitchen,Wallet,671.29,3,0,5,499,11,0.17,1,0,1
ORD11014,CUST1285,Home & Kitchen,UPI,6457.24,9,0,30,889,26,0.12,1,0,1
ORD11015,CUST1291,Footwear,Netbanking,445.28,16,1,30,507,25,0.08,1,0,0
ORD11016,CUST1267,Beauty,Netbanking,6910.23,23,1,30,65,4,0.2,1,0,0
ORD11017,CUST1013,Apparel,Card,2019.31,9,0,5,788,8,0.1,1,0,0
ORD11018,CUST1022,Footwear,Wallet,6034.13,21,1,30,40,32,0.24,1,0,0
ORD11019,CUST1171,Home & Kitchen,Wallet,7060.57,0,1,0,306,35,0.06,1,0,0
ORD11020,CUST1251,Beauty,Netbanking,2062.04,23,0,10,433,9,0.12,1,0,0
ORD11021,CUST1564,Home & Kitchen,Netbanking,6674.84,17,0,30,124,23,0.17,1,0,1
ORD11022,CUST1003,Apparel,COD,2804.29,12,0,20,631,10,0.16,1,0,0
ORD11023,CUST1387,Electronics,UPI,1336.45,6,0,0,30,18,0.2,1,0,0
ORD11024,CUST1483,Home & Kitchen,Wallet,1131.41,7,1,0,490,16,0.06,1,0,0
ORD11025,CUST1295,Footwear,Netbanking,3293.32,7,1,30,286,4,0.23,1,0,0
ORD11026,CUST1377,Footwear,Netbanking,832.06,2,0,20,748,26,0.14,1,0,1
ORD11027,CUST1237,Beauty,Wallet,1555.48,15,0,10,370,3,0.04,1,0,0
ORD11028,CUST1415,Footwear,COD,6912.94,13,1,5,809,14,0.08,1,0,0
ORD11029,CUST1366,Beauty,UPI,3714.18,2,0,10,696,40,0.89,1,0,1
ORD11030,CUST1180,Home & Kitchen,COD,5562.49,20,0,10,675,8,0.08,1,0,0
ORD11031,CUST1206,Apparel,UPI,946.65,10,0,10,684,14,0.07,1,0,0
ORD11032,CUST1223,Beauty,UPI,829.44,22,1,0,324,26,0.12,1,0,0
ORD11033,CUST1242,Electronics,COD,4460.07,14,0,5,562,16,0.08,2,0,0
ORD11034,CUST1402,Home & Kitchen,COD,6882.34,18,0,0,628,20,0.23,1,0,1
ORD11035,CUST1325,Electronics,Card,4490.99,13,0,10,273,27,0.09,1,0,0
ORD11036,CUST1191,Apparel,COD,4388.77,6,1,20,559,19,0.16,1,0,1
ORD11037,CUST1566,Home & Kitchen,Netbanking,3955.25,10,0,5,793,18,0.16,1,0,0
ORD11038,CUST1528,Home & Kitchen,COD,4758.57,13,1,20,277,12,0.17,1,0,1
ORD11039,CUST1482,Footwear,UPI,4580.17,3,0,30,69,37,0.89,1,0,0
ORD11040,CUST1134,Apparel,COD,7157.31,9,0,0,825,4,0.18,1,0,0
ORD11041,CUST1128,Apparel,UPI,2150.31,6,1,0,876,18,0.2,1,0,1
ORD11042,CUST1020,Beauty,Netbanking,6319.01,23,1,0,838,39,0.06,1,0,0
ORD11043,CUST1558,Home & Kitchen,COD,6557.68,19,0,0,208,8,0.15,1,0,1
ORD11044,CUST1255,Apparel,Wallet,428.44,4,0,0,835,11,0.16,1,0,1
ORD11045,CUST1171,Beauty,UPI,3158.92,12,1,0,306,35,0.06,1,0,1
ORD11046,CUST1251,Apparel,Card,5713.33,21,0,0,433,9,0.12,1,0,0
ORD11047,CUST1536,Apparel,Card,1561.43,12,1,20,780,23,0.18,1,0,0
ORD11048,CUST1355,Apparel,Wallet,388.09,11,1,30,561,20,0.1,1,0,0
ORD11049,CUST1593,Footwear,COD,275.39,18,0,10,69,22,0.17,1,0,1
ORD11050,CUST1004,Footwear,Netbanking,5585.9,19,0,5,248,38,0.01,1,2,0
ORD11051,CUST1162,Apparel,Wallet,4168.95,8,0,20,482,40,0.08,1,0,0
ORD11052,CUST1591,Footwear,Wallet,397.46,22,1,10,310,37,0.09,1,0,0
ORD11053,CUST1155,Home & Kitchen,Wallet,926.32,9,0,0,319,20,0.08,1,0,0
ORD11054,CUST1508,Home & Kitchen,Netbanking,4858.08,23,0,0,320,34,0.22,1,0,0
ORD11055,CUST1223,Home & Kitchen,UPI,925.64,1,0,0,324,26,0.12,1,0,0
ORD11056,CUST1187,Apparel,Wallet,5906.54,10,0,10,339,33,0.13,1,0,0
ORD11057,CUST1586,Home & Kitchen,UPI,2153.18,1,1,5,621,15,0.03,1,0,1
ORD11058,CUST1128,Footwear,Wallet,3899.78,11,1,0,876,18,0.2,1,0,0
ORD11059,CUST1520,Apparel,COD,3104.66,12,1,0,592,40,0.15,1,0,0
ORD11060,CUST1245,Footwear,Card,1008.87,0,0,20,869,1,0.19,1,0,0
ORD11061,CUST1565,Apparel,Card,1817.24,0,0,0,597,15,0.22,1,0,1
ORD11062,CUST1380,Footwear,Card,3358.87,17,0,0,105,19,0.13,1,0,0
ORD11063,CUST1581,Electronics,Wallet,657.68,20,1,0,42,32,0.63,1,0,1
ORD11064,CUST1001,Beauty,COD,1002.43,6,1,20,645,39,0.2,1,0,0
ORD11065,CUST1186,Beauty,UPI,2181.07,16,0,0,859,26,0.21,1,0,0
ORD11066,CUST1213,Footwear,UPI,7410.12,12,0,10,701,33,0.19,1,0,1
ORD11067,CUST1095,Apparel,UPI,5242.45,13,0,10,757,15,0.06,2,0,1
ORD11068,CUST1454,Beauty,COD,4005.26,23,1,0,337,3,0.23,1,0,0
ORD11069,CUST1416,Apparel,Wallet,2562.77,3,0,20,608,4,0.12,1,0,0
ORD11070,CUST1247,Beauty,Netbanking,2251.17,16,0,0,362,7,0.88,1,0,0
ORD11071,CUST1590,Apparel,Wallet,7644.93,20,1,30,659,2,0.06,1,1,0
ORD11072,CUST1414,Beauty,COD,7147.28,16,0,20,366,4,0.23,1,0,1
ORD11073,CUST1413,Footwear,Card,4253.03,5,1,30,251,28,0.05,1,0,1
ORD11074,CUST1494,Apparel,Card,554.51,10,1,20,839,18,0.21,1,2,1
ORD11075,CUST1512,Electronics,Card,5016.24,5,1,10,468,18,0.13,1,1,1
ORD11076,CUST1154,Apparel,UPI,1561.21,1,0,30,214,2,0.14,1,0,1
ORD11077,CUST1337,Home & Kitchen,Card,3790.26,2,0,10,59,4,0.25,1,0,0
ORD11078,CUST1395,Beauty,UPI,3555.92,15,1,0,585,9,0.25,1,2,0
ORD11079,CUST1327,Footwear,Card,5070.07,12,0,20,292,7,0.22,1,0,1
ORD11080,CUST1344,Home & Kitchen,COD,2789.04,13,1,0,525,19,0.07,1,0,1
ORD11081,CUST1171,Electronics,UPI,4145.92,1,1,20,306,35,0.06,1,0,0
ORD11082,CUST1192,Apparel,Wallet,7281.38,16,0,5,749,23,0.22,1,0,1
ORD11083,CUST1061,Home & Kitchen,Netbanking,2134.35,4,0,10,227,28,0.13,1,0,0
ORD11084,CUST1272,Home & Kitchen,Card,6054.43,1,0,20,638,17,0.2,1,0,0
ORD11085,CUST1517,Beauty,COD,4947.42,11,0,10,655,7,0.71,1,0,1
ORD11086,CUST1312,Home & Kitchen,UPI,314.32,12,0,10,891,2,0.18,1,0,0
ORD11087,CUST1447,Footwear,Card,7231.81,6,1,30,684,10,0.03,1,0,1
ORD11088,CUST1559,Home & Kitchen,COD,5309.05,6,1,30,188,34,0.18,1,0,1
ORD11089,CUST1312,Beauty,Wallet,7986.82,17,0,0,891,2,0.18,1,0,0
ORD11090,CUST1348,Apparel,Netbanking,5615.03,20,0,0,753,24,0.6,1,0,0
ORD11091,CUST1172,Apparel,Netbanking,7811.09,6,0,0,203,33,0.25,1,0,0
ORD11092,CUST1549,Apparel,Card,5310.93,21,0,20,277,36,0.04,1,0,1
ORD11093,CUST1138,Home & Kitchen,Netbanking,2786.36,5,0,5,329,13,0.1,1,0,0
ORD11094,CUST1304,Apparel,COD,4779.56,11,1,0,644,27,0.13,1,0,0
ORD11095,CUST1095,Home & Kitchen,UPI,5690.08,7,1,0,757,15,0.06,1,0,0
ORD11096,CUST1272,Electronics,UPI,7249.86,13,0,5,638,17,0.2,1,0,0
ORD11097,CUST1392,Beauty,UPI,6890.87,0,0,20,564,7,0.14,1,0,0
ORD11098,CUST1538,Footwear,COD,2907.26,12,1,5,89,2,0.6,1,0,1
ORD11099,CUST1488,Home & Kitchen,Wallet,7845.55,23,1,0,584,1,0.24,1,0,0
ORD11100,CUST1527,Home & Kitchen,Wallet,1761.67,1,0,0,397,11,0.1,2,0,0
ORD11101,CUST1534,Apparel,UPI,1808.46,17,1,10,195,31,0.18,1,0,1
ORD11102,CUST1455,Home & Kitchen,UPI,7431.22,9,1,0,476,3,0.08,1,0,0
ORD11103,CUST1031,Footwear,UPI,6973.32,3,1,0,755,8,0.2,1,0,0
ORD11104,CUST1049,Beauty,Wallet,1934.93,6,1,5,183,0,0.19,1,0,0
ORD11105,CUST1335,Beauty,Wallet,6180.4,4,0,20,518,20,0.12,1,0,1
ORD11106,CUST1250,Apparel,COD,2210.36,16,0,20,787,10,0.09,1,0,0
ORD11107,CUST1054,Home & Kitchen,UPI,6114.89,19,0,5,475,20,0.16,1,0,0
ORD11108,CUST1040,Beauty,UPI,1614.19,2,0,30,442,12,0.22,1,0,0
ORD11109,CUST1169,Apparel,COD,7341.67,6,0,5,351,19,0.16,1,0,0
ORD11110,CUST1232,Footwear,Card,7536.15,3,1,30,429,22,0.06,1,0,0
ORD11111,CUST1538,Apparel,Card,2090.06,23,0,10,89,2,0.6,1,0,1
ORD11112,CUST1006,Apparel,Wallet,6058.47,22,1,30,285,26,0.25,1,0,1
ORD11113,CUST1158,Apparel,Card,2146.01,23,1,0,244,18,0.75,1,0,0
ORD11114,CUST1592,Home & Kitchen,UPI,3051.15,20,1,20,645,5,0.13,1,0,0
ORD11115,CUST1283,Apparel,Card,4796.58,22,1,0,565,16,0.14,1,0,0
ORD11116,CUST1222,Beauty,COD,4361.98,7,0,5,255,10,0.12,1,0,1
ORD11117,CUST1113,Home & Kitchen,Wallet,5971.03,0,1,30,900,2,0.16,1,0,0
ORD11118,CUST1485,Home & Kitchen,Wallet,2376.33,0,0,0,23,17,0.19,2,0,0
ORD11119,CUST1577,Home & Kitchen,COD,7797.23,7,1,0,112,35,0.01,1,0,0
ORD11120,CUST1263,Beauty,Card,650.86,14,0,10,107,1,0.08,1,0,0
ORD11121,CUST1277,Beauty,Netbanking,4678.34,19,0,0,28,34,0.21,1,0,1
ORD11122,CUST1454,Apparel,UPI,3751.89,4,0,30,337,3,0.23,1,0,1
ORD11123,CUST1105,Apparel,Wallet,7373.37,17,0,0,774,15,0.01,1,0,0
ORD11124,CUST1097,Apparel,Netbanking,6182.81,19,1,5,521,26,0.24,1,0,0
ORD11125,CUST1536,Footwear,COD,1584.43,8,1,0,780,23,0.18,1,0,1
ORD11126,CUST1134,Beauty,Wallet,3504.24,17,1,0,825,4,0.18,1,0,0
ORD11127,CUST1408,Beauty,Wallet,5487.62,1,0,20,692,22,0.11,1,0,1
ORD11128,CUST1088,Apparel,Wallet,4506.47,9,0,5,350,16,0.07,1,0,1
ORD11129,CUST1266,Apparel,Card,1719.63,12,0,0,256,23,0.08,1,0,0
ORD11130,CUST1087,Apparel,Wallet,5676.74,13,1,30,863,40,0.23,1,0,0
ORD11131,CUST1456,Home & Kitchen,Card,4601.47,4,0,5,37,6,0.22,1,0,0
ORD11132,CUST1421,Home & Kitchen,Card,2948.82,22,1,0,892,4,0.25,1,0,1
ORD11133,CUST1135,Home & Kitchen,UPI,5132.93,11,1,20,683,22,0.21,1,0,0
ORD11134,CUST1130,Beauty,Netbanking,1868.28,20,0,30,807,34,0.02,1,0,0
ORD11135,CUST1257,Electronics,UPI,5518.66,5,1,20,556,26,0.15,1,0,0
ORD11136,CUST1107,Apparel,Wallet,241.39,7,0,0,209,3,0.09,1,0,1
ORD11137,CUST1040,Apparel,UPI,306.04,15,0,0,442,12,0.22,1,0,0
ORD11138,CUST1278,Home & Kitchen,Netbanking,1116.31,16,0,0,891,18,0.06,1,0,0
ORD11139,CUST1426,Electronics,Card,3261.15,0,1,0,196,9,0.24,1,0,0
ORD11140,CUST1556,Footwear,COD,418.6,16,0,5,689,26,0.07,1,0,0
ORD11141,CUST1534,Electronics,COD,4502.09,13,0,0,195,31,0.18,1,0,0
ORD11142,CUST1487,Apparel,UPI,4256.3,9,0,0,149,6,0.15,2,0,1
ORD11143,CUST1089,Beauty,UPI,811.03,0,1,5,416,8,0.22,1,0,0
ORD11144,CUST1479,Home & Kitchen,UPI,7523.02,12,0,20,729,25,0.0,1,0,0
ORD11145,CUST1055,Home & Kitchen,UPI,2400.12,6,0,0,658,7,0.05,1,0,0
ORD11146,CUST1036,Beauty,Netbanking,2986.21,13,0,0,31,19,0.15,1,0,0
ORD11147,CUST1253,Home & Kitchen,Card,2768.2,13,0,10,387,31,0.21,1,0,0
ORD11148,CUST1031,Electronics,Netbanking,6543.71,4,0,0,755,8,0.2,1,0,1
ORD11149,CUST1392,Electronics,COD,2987.44,20,0,10,564,7,0.14,1,0,0
ORD11150,CUST1373,Footwear,Netbanking,3345.93,3,0,5,108,35,0.19,1,0,1
ORD11151,CUST1517,Footwear,Wallet,1742.77,23,0,5,655,7,0.71,1,0,1
ORD11152,CUST1116,Footwear,UPI,3073.72,16,0,20,347,21,0.12,1,0,1
ORD11153,CUST1241,Beauty,Netbanking,3769.83,22,0,0,214,19,0.1,1,0,0
ORD11154,CUST1372,Apparel,Wallet,3601.87,0,0,30,691,31,0.72,1,0,1
ORD11155,CUST1060,Apparel,Netbanking,5052.15,23,0,10,706,28,0.24,1,2,1
ORD11156,CUST1584,Beauty,Netbanking,7183.25,16,0,20,475,4,0.03,1,0,0
ORD11157,CUST1039,Footwear,Wallet,5681.34,15,0,30,453,31,0.22,1,0,1
ORD11158,CUST1234,Electronics,UPI,2013.08,12,1,0,642,11,0.22,1,0,0
ORD11159,CUST1308,Beauty,COD,3073.03,3,0,0,550,29,0.66,1,0,1
ORD11160,CUST1284,Beauty,Card,3630.81,18,0,20,687,5,0.0,1,0,0
ORD11161,CUST1319,Beauty,Netbanking,6863.04,8,1,0,546,40,0.08,1,0,0
ORD11162,CUST1353,Apparel,Card,6350.78,5,0,5,377,5,0.11,1,0,1
ORD11163,CUST1412,Footwear,Netbanking,7722.31,3,0,20,691,2,0.2,1,0,0
ORD11164,CUST1145,Beauty,Card,714.6,6,0,0,410,3,0.05,1,0,0
ORD11165,CUST1227,Beauty,Wallet,1528.22,17,0,10,735,39,0.06,1,0,0
ORD11166,CUST1037,Apparel,COD,7282.79,15,0,30,510,39,0.17,1,0,0
ORD11167,CUST1178,Beauty,Card,6765.23,0,1,0,373,15,0.19,1,0,0
ORD11168,CUST1547,Apparel,UPI,7386.38,22,0,30,571,7,0.19,1,0,1
ORD11169,CUST1207,Apparel,Wallet,2299.52,4,0,20,451,33,0.02,1,0,1
ORD11170,CUST1039,Beauty,Card,4632.26,14,0,30,453,31,0.22,1,0,0
ORD11171,CUST1189,Home & Kitchen,Wallet,509.93,23,0,0,313,37,0.22,1,0,0
ORD11172,CUST1033,Footwear,UPI,534.84,14,0,5,679,24,0.68,1,3,1
ORD11173,CUST1253,Electronics,COD,4966.57,8,0,5,387,31,0.21,1,0,0
ORD11174,CUST1009,Home & Kitchen,Netbanking,4264.37,23,1,20,215,3,0.12,1,0,0
ORD11175,CUST1211,Electronics,UPI,6254.0,8,0,0,512,3,0.04,1,3,0
ORD11176,CUST1445,Footwear,Netbanking,3278.22,7,0,5,311,15,0.01,1,0,1
ORD11177,CUST1265,Apparel,UPI,2780.83,20,0,0,379,26,0.07,1,0,0
ORD11178,CUST1341,Electronics,COD,6111.87,16,1,10,881,23,0.24,1,3,0
ORD11179,CUST1481,Apparel,UPI,787.58,11,1,0,445,3,0.12,1,0,1
ORD11180,CUST1408,Electronics,Netbanking,6948.14,12,0,5,692,22,0.11,1,0,0
ORD11181,CUST1426,Apparel,UPI,2481.71,6,0,0,196,9,0.24,1,0,0
ORD11182,CUST1420,Footwear,Netbanking,1807.55,16,0,0,870,29,0.09,1,0,1
ORD11183,CUST1358,Beauty,UPI,7574.77,3,0,10,253,23,0.24,1,0,1
ORD11184,CUST1284,Electronics,COD,2085.79,11,0,5,687,5,0.0,1,0,1
ORD11185,CUST1360,Home & Kitchen,UPI,6500.37,21,0,20,353,3,0.21,1,0,1
ORD11186,CUST1160,Home & Kitchen,Card,4537.28,10,1,30,768,19,0.24,1,0,0
ORD11187,CUST1511,Beauty,Wallet,547.72,14,0,10,292,1,0.07,1,0,1
ORD11188,CUST1418,Beauty,UPI,2905.46,21,0,10,505,14,0.23,1,0,0
ORD11189,CUST1304,Footwear,Netbanking,5307.24,12,0,30,644,27,0.13,1,0,1
ORD11190,CUST1476,Home & Kitchen,UPI,6462.07,21,0,30,517,25,0.22,1,0,0
ORD11191,CUST1523,Apparel,UPI,2492.99,14,1,10,230,10,0.01,1,0,1
ORD11192,CUST1357,Apparel,UPI,4883.4,12,1,10,10,23,0.1,1,0,0
ORD11193,CUST1486,Apparel,UPI,3353.64,16,0,10,641,31,0.17,1,2,1
ORD11194,CUST1087,Beauty,Netbanking,2314.71,6,1,30,863,40,0.23,1,0,0
ORD11195,CUST1151,Beauty,COD,7752.65,1,1,5,153,8,0.02,1,0,0
ORD11196,CUST1414,Apparel,UPI,3786.49,15,0,10,366,4,0.23,1,0,1
ORD11197,CUST1154,Footwear,COD,3106.95,14,0,20,214,2,0.14,1,0,1
ORD11198,CUST1230,Home & Kitchen,Card,3819.9,16,0,20,352,36,0.17,1,0,0
ORD11199,CUST1069,Beauty,Netbanking,3429.94,22,1,5,267,8,0.18,1,2,0
ORD11200,CUST1204,Electronics,Card,7949.14,8,1,5,738,15,0.13,1,0,0
ORD11201,CUST1299,Footwear,Card,4528.05,21,0,5,780,13,0.01,1,0,0
ORD11202,CUST1500,Electronics,COD,6079.55,20,0,30,232,30,0.09,1,0,0
ORD11203,CUST1101,Home & Kitchen,Card,5221.6,8,1,30,375,33,0.07,1,0,0
ORD11204,CUST1267,Beauty,Netbanking,7320.19,16,0,20,65,4,0.2,1,0,0
ORD11205,CUST1377,Apparel,Card,1641.98,7,0,20,748,26,0.14,1,0,0
ORD11206,CUST1446,Apparel,UPI,3144.73,9,0,20,483,39,0.17,1,0,0
ORD11207,CUST1057,Electronics,Card,7258.97,16,0,5,39,28,0.09,1,0,0
ORD11208,CUST1147,Home & Kitchen,Card,3628.37,4,1,30,12,30,0.23,1,0,1
ORD11209,CUST1197,Apparel,UPI,6661.63,19,0,30,322,19,0.08,1,0,0
ORD11210,CUST1146,Beauty,Netbanking,693.11,1,0,30,814,33,0.19,1,0,0
ORD11211,CUST1278,Electronics,COD,3831.95,10,0,20,891,18,0.06,1,0,0
ORD11212,CUST1538,Home & Kitchen,Card,6503.17,5,0,0,89,2,0.6,1,0,1
ORD11213,CUST1060,Electronics,UPI,2810.68,15,0,10,706,28,0.24,1,0,0
ORD11214,CUST1387,Footwear,Card,4615.06,16,0,30,30,18,0.2,1,0,0
ORD11215,CUST1527,Footwear,Card,617.89,7,1,20,397,11,0.1,1,0,0
ORD11216,CUST1109,Home & Kitchen,Wallet,1253.15,18,1,0,762,33,0.2,1,0,0
ORD11217,CUST1486,Home & Kitchen,Wallet,986.73,3,0,10,641,31,0.17,1,0,0
ORD11218,CUST1228,Footwear,Netbanking,2663.49,11,0,30,473,5,0.23,1,0,0
ORD11219,CUST1498,Home & Kitchen,Card,2134.51,2,0,30,442,11,0.21,1,0,0
ORD11220,CUST1038,Beauty,Wallet,1775.17,18,1,30,147,39,0.05,1,0,0
ORD11221,CUST1303,Home & Kitchen,COD,3065.69,12,0,5,660,3,0.62,2,0,1
ORD11222,CUST1551,Apparel,Card,7165.2,11,0,10,399,12,0.07,1,0,1
ORD11223,CUST1437,Apparel,COD,4303.13,15,1,30,2,31,0.1,1,0,0
ORD11224,CUST1464,Apparel,Card,7152.56,22,0,0,817,2,0.18,1,0,0
ORD11225,CUST1163,Footwear,COD,4645.91,22,0,0,97,8,0.17,1,0,0
ORD11226,CUST1427,Electronics,Netbanking,7814.79,9,1,20,411,34,0.01,1,0,0
ORD11227,CUST1054,Electronics,COD,3899.84,6,0,20,475,20,0.16,1,0,1
ORD11228,CUST1431,Home & Kitchen,Card,2833.82,19,0,0,761,20,0.04,1,0,0
ORD11229,CUST1554,Electronics,UPI,5158.76,18,0,5,643,21,0.16,1,0,0
ORD11230,CUST1259,Home & Kitchen,Netbanking,6618.76,12,0,20,280,19,0.12,1,0,0
ORD11231,CUST1539,Home & Kitchen,Netbanking,5956.94,4,0,0,607,7,0.06,1,0,0
ORD11232,CUST1188,Apparel,UPI,3986.17,6,0,30,304,39,0.23,4,0,0
ORD11233,CUST1019,Electronics,Card,7680.66,9,0,0,589,8,0.22,1,0,1
ORD11234,CUST1251,Footwear,Card,5919.82,10,0,0,433,9,0.12,1,0,1
ORD11235,CUST1317,Beauty,UPI,7653.53,2,0,20,886,14,0.21,1,0,0
ORD11236,CUST1084,Apparel,COD,7193.44,23,1,0,364,27,0.05,1,0,1
ORD11237,CUST1380,Electronics,Card,3090.25,11,0,20,105,19,0.13,1,0,0
ORD11238,CUST1280,Footwear,Card,2042.44,14,1,0,453,11,0.21,1,0,1
ORD11239,CUST1134,Apparel,Netbanking,3369.77,13,0,0,825,4,0.18,1,0,1
ORD11240,CUST1476,Footwear,UPI,1079.33,15,1,5,517,25,0.22,1,0,0
ORD11241,CUST1246,Home & Kitchen,COD,6560.55,18,0,0,761,19,0.17,1,0,0
ORD11242,CUST1019,Home & Kitchen,Wallet,2531.86,12,0,0,589,8,0.22,1,0,0
ORD11243,CUST1337,Home & Kitchen,Wallet,2658.22,8,0,20,59,4,0.25,2,0,1
ORD11244,CUST1138,Home & Kitchen,Card,5585.55,10,0,0,329,13,0.1,1,0,0
ORD11245,CUST1491,Electronics,COD,5621.69,6,1,5,674,25,0.04,1,0,0
ORD11246,CUST1377,Apparel,Card,6313.08,20,0,0,748,26,0.14,1,0,1
ORD11247,CUST1450,Footwear,COD,2704.7,22,0,10,3,36,0.07,1,0,0
ORD11248,CUST1319,Beauty,UPI,5919.57,4,0,5,546,40,0.08,1,0,1
ORD11249,CUST1079,Electronics,UPI,2876.28,8,0,0,841,23,0.59,1,0,1
ORD11250,CUST1181,Footwear,COD,1460.23,2,0,20,607,40,0.2,1,0,1
ORD11251,CUST1353,Home & Kitchen,Netbanking,2519.25,1,0,5,377,5,0.11,1,0,1
ORD11252,CUST1179,Electronics,Wallet,5064.85,18,0,10,831,4,0.11,1,0,0
ORD11253,CUST1027,Electronics,Card,1688.11,16,0,0,142,28,0.25,1,0,0
ORD11254,CUST1458,Footwear,Card,480.69,19,0,30,72,21,0.01,1,0,0
ORD11255,CUST1179,Beauty,Card,3422.41,5,1,0,831,4,0.11,1,0,0
ORD11256,CUST1210,Beauty,Wallet,3659.96,20,0,0,155,2,0.16,1,0,1
ORD11257,CUST1140,Apparel,Netbanking,2853.24,4,0,0,64,29,0.0,1,0,0
ORD11258,CUST1045,Beauty,Wallet,5354.67,11,0,0,695,17,0.14,1,0,0
ORD11259,CUST1198,Electronics,Wallet,1259.27,1,0,5,900,13,0.05,1,0,0
ORD11260,CUST1566,Apparel,COD,1675.79,9,0,10,793,18,0.16,1,0,0
ORD11261,CUST1545,Apparel,Netbanking,1955.38,17,0,10,669,2,0.07,1,0,1
ORD11262,CUST1218,Home & Kitchen,COD,7379.06,21,0,0,453,16,0.85,1,0,1
ORD11263,CUST1394,Apparel,Netbanking,6533.66,10,1,0,363,9,0.02,1,0,0
ORD11264,CUST1059,Footwear,Wallet,539.36,18,0,0,144,30,0.6,1,0,1
ORD11265,CUST1426,Apparel,UPI,6477.25,19,0,0,196,9,0.24,1,0,1
ORD11266,CUST1212,Home & Kitchen,Wallet,5175.48,0,0,10,675,30,0.2,1,0,0
ORD11267,CUST1078,Beauty,Card,3610.01,12,0,20,413,40,0.17,1,0,0
ORD11268,CUST1383,Apparel,Netbanking,2283.92,19,0,5,548,39,0.09,1,0,1
ORD11269,CUST1409,Electronics,UPI,5754.41,23,0,5,154,13,0.06,1,0,0
ORD11270,CUST1095,Beauty,COD,5587.92,11,0,5,757,15,0.06,1,0,0
ORD11271,CUST1368,Apparel,Wallet,6130.7,22,0,5,328,4,0.21,1,0,0
ORD11272,CUST1300,Beauty,Wallet,6672.95,15,0,0,593,20,0.11,1,0,0
ORD11273,CUST1501,Footwear,Card,7869.13,0,0,20,713,4,0.19,1,0,0
ORD11274,CUST1336,Electronics,UPI,656.61,4,0,10,22,25,0.11,1,0,0
ORD11275,CUST1491,Footwear,UPI,3021.59,16,0,0,674,25,0.04,4,0,1
ORD11276,CUST1375,Apparel,COD,4977.38,21,1,10,464,36,0.15,1,0,1
ORD11277,CUST1355,Footwear,Netbanking,992.15,16,0,10,561,20,0.1,1,0,0
ORD11278,CUST1132,Electronics,Netbanking,5991.55,6,0,10,252,14,0.12,1,0,0
ORD11279,CUST1236,Beauty,UPI,6566.45,4,1,0,269,32,0.1,1,0,0
ORD11280,CUST1031,Footwear,Card,5237.76,14,0,5,755,8,0.2,1,0,0
ORD11281,CUST1118,Electronics,Wallet,583.92,22,1,5,400,9,0.09,1,0,0
ORD11282,CUST1229,Beauty,Netbanking,1155.72,1,0,20,626,13,0.01,1,0,0
ORD11283,CUST1307,Beauty,UPI,4956.5,14,0,0,463,28,0.65,1,0,1
ORD11284,CUST1165,Footwear,Card,2799.34,1,0,5,128,27,0.1,1,0,1
ORD11285,CUST1385,Home & Kitchen,Netbanking,4702.21,13,1,20,879,16,0.03,1,0,0
ORD11286,CUST1551,Apparel,COD,6383.45,14,0,0,399,12,0.07,1,0,0
ORD11287,CUST1123,Apparel,COD,7964.04,9,0,0,367,20,0.09,1,0,0
ORD11288,CUST1419,Electronics,Card,7263.23,1,1,0,732,20,0.24,1,0,0
ORD11289,CUST1550,Electronics,Netbanking,1418.28,4,1,30,800,3,0.11,1,0,0
ORD11290,CUST1231,Electronics,Wallet,7165.67,5,0,20,474,25,0.23,1,0,0
ORD11291,CUST1470,Footwear,Card,2613.9,7,1,20,252,31,0.25,1,0,0
ORD11292,CUST1519,Electronics,UPI,7494.5,9,1,0,249,31,0.05,1,0,0
ORD11293,CUST1098,Electronics,Card,7959.62,23,1,20,829,4,0.14,1,0,0
ORD11294,CUST1188,Beauty,COD,4591.22,3,1,5,304,39,0.23,1,0,0
ORD11295,CUST1028,Apparel,UPI,4030.79,14,0,30,144,37,0.01,1,0,0
ORD11296,CUST1241,Electronics,Card,1855.73,21,1,5,214,19,0.1,1,0,0
ORD11297,CUST1545,Footwear,Card,7132.08,2,0,0,669,2,0.07,1,0,0
ORD11298,CUST1459,Electronics,Wallet,6861.07,15,0,0,655,34,0.1,2,0,1
ORD11299,CUST1348,Electronics,UPI,2907.56,1,0,0,753,24,0.6,1,0,0
ORD11300,CUST1021,Footwear,Wallet,2559.97,6,1,5,202,24,0.22,1,0,0
ORD11301,CUST1008,Electronics,COD,5402.84,2,1,30,111,18,0.69,1,0,1
ORD11302,CUST1461,Beauty,Wallet,5556.5,12,0,20,829,32,0.23,1,0,0
ORD11303,CUST1145,Beauty,COD,836.66,9,0,10,410,3,0.05,1,0,1
ORD11304,CUST1072,Home & Kitchen,Netbanking,3750.79,8,0,5,544,27,0.01,1,0,0
ORD11305,CUST1083,Electronics,Wallet,7279.99,7,1,5,698,29,0.02,1,0,0
ORD11306,CUST1470,Apparel,UPI,5574.93,7,1,10,252,31,0.25,1,0,0
ORD11307,CUST1001,Electronics,UPI,1389.06,22,0,10,645,39,0.2,1,0,0
ORD11308,CUST1207,Footwear,Card,4433.07,7,0,0,451,33,0.02,1,0,1
ORD11309,CUST1067,Apparel,Netbanking,5457.92,9,0,30,424,25,0.07,1,0,1
ORD11310,CUST1333,Beauty,Netbanking,4848.71,16,0,0,810,23,0.0,1,0,0
ORD11311,CUST1458,Electronics,UPI,6875.93,22,0,10,72,21,0.01,1,0,0
ORD11312,CUST1300,Home & Kitchen,Card,2106.48,14,0,20,593,20,0.11,1,0,0
ORD11313,CUST1068,Electronics,Netbanking,3911.89,4,0,0,836,30,0.13,1,0,0
ORD11314,CUST1178,Footwear,Wallet,5611.08,13,0,10,373,15,0.19,1,0,0
ORD11315,CUST1558,Apparel,UPI,2747.1,3,1,30,208,8,0.15,1,0,0
ORD11316,CUST1575,Apparel,UPI,4796.28,5,1,0,768,4,0.14,1,0,1
ORD11317,CUST1430,Home & Kitchen,COD,7440.78,3,0,5,345,16,0.21,1,0,0
ORD11318,CUST1006,Footwear,Netbanking,7303.13,14,1,30,285,26,0.25,1,0,1
ORD11319,CUST1264,Home & Kitchen,COD,5967.33,20,0,30,197,10,0.04,1,0,0
ORD11320,CUST1524,Home & Kitchen,Card,2051.27,19,1,20,207,40,0.56,1,0,1
ORD11321,CUST1453,Apparel,UPI,7663.65,11,0,30,280,11,0.01,1,0,0
ORD11322,CUST1367,Apparel,Wallet,4548.77,11,0,10,452,8,0.09,1,0,1
ORD11323,CUST1410,Home & Kitchen,Card,222.83,8,0,0,244,39,0.07,1,0,0
ORD11324,CUST1198,Beauty,COD,4062.35,22,0,5,900,13,0.05,1,0,1
ORD11325,CUST1479,Electronics,COD,5651.69,10,0,0,729,25,0.0,1,0,0
ORD11326,CUST1190,Beauty,Card,4375.73,12,1,0,895,25,0.24,1,0,0
ORD11327,CUST1254,Home & Kitchen,COD,3167.38,13,1,5,75,1,0.01,1,0,0
ORD11328,CUST1013,Home & Kitchen,Card,7906.55,10,0,0,788,8,0.1,1,0,0
ORD11329,CUST1105,Electronics,Wallet,4293.65,3,0,10,774,15,0.01,1,0,0
ORD11330,CUST1564,Footwear,COD,6929.96,4,0,30,124,23,0.17,1,0,1
ORD11331,CUST1537,Apparel,UPI,7475.29,11,0,5,167,39,0.56,1,0,1
ORD11332,CUST1066,Beauty,Wallet,2192.34,20,0,10,577,7,0.12,1,0,1
ORD11333,CUST1358,Beauty,Netbanking,6099.71,0,1,10,253,23,0.24,1,0,0
ORD11334,CUST1102,Apparel,Netbanking,7897.94,3,0,20,734,18,0.01,1,0,0
ORD11335,CUST1333,Electronics,Wallet,1785.05,17,0,0,810,23,0.0,1,0,0
ORD11336,CUST1281,Apparel,COD,3675.61,16,1,0,444,7,0.04,1,0,1
ORD11337,CUST1370,Footwear,Netbanking,3642.06,17,1,20,117,13,0.02,1,0,0
ORD11338,CUST1532,Beauty,Netbanking,2222.01,6,0,0,338,24,0.6,1,0,0
ORD11339,CUST1476,Apparel,Netbanking,2437.27,5,0,20,517,25,0.22,1,0,1
ORD11340,CUST1053,Beauty,UPI,7449.02,22,0,20,386,35,0.14,1,0,1
ORD11341,CUST1098,Electronics,COD,4970.39,5,1,0,829,4,0.14,1,0,0
ORD11342,CUST1468,Beauty,Wallet,1603.52,23,0,10,48,5,0.18,1,0,0
ORD11343,CUST1096,Home & Kitchen,Card,5383.5,9,1,0,385,0,0.02,2,0,0
ORD11344,CUST1015,Beauty,UPI,7851.35,20,0,0,21,13,0.05,1,0,0
ORD11345,CUST1307,Electronics,UPI,276.41,21,0,0,463,28,0.65,2,0,1
ORD11346,CUST1449,Electronics,COD,4431.7,13,0,0,129,3,0.11,1,0,0
ORD11347,CUST1337,Footwear,UPI,519.88,19,0,0,59,4,0.25,1,0,1
ORD11348,CUST1108,Electronics,COD,3468.58,23,1,5,427,29,0.15,1,0,0
ORD11349,CUST1335,Apparel,Netbanking,1608.02,2,0,0,518,20,0.12,1,0,0
ORD11350,CUST1159,Footwear,UPI,4839.11,1,0,0,819,13,0.23,4,0,1
ORD11351,CUST1344,Home & Kitchen,Card,1153.66,12,1,5,525,19,0.07,1,0,0
ORD11352,CUST1556,Footwear,Card,858.77,5,0,30,689,26,0.07,1,0,0
ORD11353,CUST1595,Footwear,Netbanking,2159.07,3,0,20,798,20,0.12,1,0,0
ORD11354,CUST1544,Home & Kitchen,Netbanking,1406.28,0,0,0,165,24,0.2,1,0,0
ORD11355,CUST1165,Home & Kitchen,COD,2052.74,19,0,5,128,27,0.1,1,0,0
ORD11356,CUST1465,Electronics,Netbanking,5331.87,9,0,5,487,12,0.24,1,0,1
ORD11357,CUST1135,Home & Kitchen,UPI,6908.28,21,0,0,683,22,0.21,1,0,1
ORD11358,CUST1268,Home & Kitchen,COD,1333.11,11,0,5,525,30,0.01,1,0,0
ORD11359,CUST1079,Electronics,Netbanking,254.11,20,0,30,841,23,0.59,1,0,1
ORD11360,CUST1010,Footwear,COD,2667.53,1,1,0,645,12,0.19,1,0,0
ORD11361,CUST1191,Apparel,COD,2945.05,22,0,10,559,19,0.16,1,0,1
ORD11362,CUST1067,Home & Kitchen,Card,433.78,20,1,5,424,25,0.07,1,0,0
ORD11363,CUST1401,Home & Kitchen,Wallet,3374.88,4,1,0,21,38,0.12,1,0,0
ORD11364,CUST1031,Apparel,Wallet,4166.29,2,0,0,755,8,0.2,1,0,1
ORD11365,CUST1596,Apparel,Card,7721.36,5,0,30,767,38,0.74,1,0,1
ORD11366,CUST1067,Home & Kitchen,UPI,4474.02,11,1,0,424,25,0.07,1,0,1
ORD11367,CUST1405,Electronics,Card,4150.13,13,0,10,776,5,0.0,1,1,0
ORD11368,CUST1396,Footwear,Card,969.95,18,1,5,534,34,0.02,1,0,0
ORD11369,CUST1468,Footwear,Wallet,369.23,13,0,0,48,5,0.18,1,0,1
ORD11370,CUST1089,Home & Kitchen,Wallet,4425.4,10,0,0,416,8,0.22,1,0,0
ORD11371,CUST1260,Home & Kitchen,Netbanking,3220.43,16,0,10,277,14,0.06,1,0,0
ORD11372,CUST1410,Beauty,COD,2864.91,16,0,0,244,39,0.07,1,0,0
ORD11373,CUST1390,Electronics,COD,6188.53,6,0,20,372,34,0.06,1,0,0
ORD11374,CUST1231,Footwear,Wallet,3652.25,7,1,0,474,25,0.23,1,0,0
ORD11375,CUST1381,Beauty,Card,3398.85,2,0,30,164,35,0.12,1,0,0
ORD11376,CUST1385,Apparel,Wallet,3747.2,3,0,20,879,16,0.03,1,0,1
ORD11377,CUST1190,Apparel,UPI,6140.13,14,0,30,895,25,0.24,1,0,1
ORD11378,CUST1179,Home & Kitchen,Netbanking,6157.55,5,0,20,831,4,0.11,1,0,0
ORD11379,CUST1365,Apparel,UPI,5211.53,18,1,10,771,13,0.14,3,0,1
ORD11380,CUST1141,Footwear,Netbanking,6594.98,16,0,5,203,11,0.09,1,0,0
ORD11381,CUST1550,Electronics,Netbanking,5888.34,19,0,0,800,3,0.11,1,0,0
ORD11382,CUST1195,Apparel,Card,3421.56,5,0,5,25,20,0.04,1,0,0
ORD11383,CUST1198,Footwear,Card,7446.61,18,1,30,900,13,0.05,1,0,0
ORD11384,CUST1209,Apparel,Wallet,4435.69,15,0,20,195,15,0.04,1,0,0
ORD11385,CUST1207,Beauty,Card,7139.39,21,1,30,451,33,0.02,1,0,0
ORD11386,CUST1091,Apparel,Wallet,3896.61,15,0,20,481,6,0.0,1,2,1
ORD11387,CUST1299,Home & Kitchen,COD,2620.28,6,1,0,780,13,0.01,1,0,0
ORD11388,CUST1416,Apparel,COD,2998.13,4,0,10,608,4,0.12,1,0,1
ORD11389,CUST1430,Beauty,COD,5930.37,11,0,0,345,16,0.21,1,0,0
ORD11390,CUST1290,Footwear,Card,919.12,4,1,10,374,0,0.19,1,0,1
ORD11391,CUST1052,Home & Kitchen,Card,6894.18,5,0,0,740,24,0.03,1,0,0
ORD11392,CUST1589,Electronics,Netbanking,5656.18,21,0,10,575,17,0.2,1,0,0
ORD11393,CUST1440,Beauty,COD,2654.63,13,0,30,598,25,0.83,1,0,1
ORD11394,CUST1435,Footwear,Netbanking,6679.96,23,0,0,719,21,0.07,1,0,1
ORD11395,CUST1295,Footwear,COD,1404.51,1,1,30,286,4,0.23,1,0,0
ORD11396,CUST1259,Apparel,COD,6560.9,16,0,30,280,19,0.12,1,0,0
ORD11397,CUST1015,Home & Kitchen,Wallet,1377.02,2,1,0,21,13,0.05,1,0,1
ORD11398,CUST1584,Electronics,UPI,1235.57,11,0,0,475,4,0.03,1,0,0
ORD11399,CUST1479,Home & Kitchen,Netbanking,2499.84,10,0,0,729,25,0.0,1,0,0
ORD11400,CUST1177,Footwear,UPI,6098.84,20,0,30,838,21,0.15,1,0,0
ORD11401,CUST1298,Apparel,COD,6072.82,20,1,5,10,25,0.13,1,0,1
ORD11402,CUST1371,Electronics,Wallet,1054.73,11,1,20,159,17,0.12,1,0,0
ORD11403,CUST1506,Electronics,COD,1011.41,18,0,30,300,19,0.64,1,3,1
ORD11404,CUST1240,Footwear,Netbanking,1701.69,15,0,5,623,15,0.12,1,0,0
ORD11405,CUST1222,Home & Kitchen,Wallet,5667.35,23,1,30,255,10,0.12,1,0,0
ORD11406,CUST1514,Footwear,UPI,6277.15,11,1,30,595,12,0.02,1,0,0
ORD11407,CUST1029,Apparel,Netbanking,5899.61,2,1,0,35,1,0.76,1,0,1
ORD11408,CUST1422,Beauty,UPI,7259.96,12,0,10,329,11,0.15,1,0,0
ORD11409,CUST1434,Apparel,COD,5301.86,4,1,0,296,10,0.23,1,0,1
ORD11410,CUST1343,Home & Kitchen,Netbanking,3538.58,18,0,10,520,36,0.03,1,0,0
ORD11411,CUST1472,Beauty,UPI,3996.32,8,0,20,757,25,0.22,1,0,0
ORD11412,CUST1429,Electronics,UPI,2630.46,22,0,0,65,29,0.01,1,0,0
ORD11413,CUST1523,Apparel,COD,1819.0,2,0,5,230,10,0.01,2,0,1
ORD11414,CUST1092,Footwear,Card,773.6,20,0,20,238,17,0.24,1,1,1
ORD11415,CUST1035,Home & Kitchen,Netbanking,5483.41,6,1,0,595,29,0.11,1,0,0
ORD11416,CUST1021,Electronics,Wallet,4895.32,9,1,5,202,24,0.22,1,0,0
ORD11417,CUST1233,Beauty,Wallet,7855.58,6,0,0,410,13,0.15,1,0,0
ORD11418,CUST1340,Beauty,Card,7983.43,12,1,10,260,30,0.19,1,0,0
ORD11419,CUST1344,Apparel,UPI,861.95,22,0,0,525,19,0.07,1,0,0
ORD11420,CUST1350,Electronics,COD,4918.39,2,1,5,81,13,0.07,1,0,0
ORD11421,CUST1571,Footwear,Wallet,6718.34,5,1,0,121,2,0.18,1,0,1
ORD11422,CUST1056,Footwear,Card,1831.83,17,1,10,550,20,0.07,1,0,1
ORD11423,CUST1395,Footwear,Netbanking,2444.74,1,0,0,585,9,0.25,1,2,0
ORD11424,CUST1091,Beauty,Wallet,4547.72,15,0,0,481,6,0.0,1,0,0
ORD11425,CUST1278,Apparel,COD,2222.63,11,1,5,891,18,0.06,1,0,0
ORD11426,CUST1418,Footwear,UPI,3804.05,1,0,0,505,14,0.23,1,0,1
ORD11427,CUST1580,Footwear,Netbanking,4270.4,4,1,0,469,39,0.05,1,0,0
ORD11428,CUST1374,Beauty,Netbanking,1686.7,23,1,20,355,10,0.16,1,0,0
ORD11429,CUST1514,Beauty,Netbanking,2402.56,21,0,5,595,12,0.02,1,0,0
ORD11430,CUST1527,Beauty,Card,586.11,22,0,10,397,11,0.1,1,0,0
ORD11431,CUST1007,Apparel,Wallet,924.54,17,0,5,323,14,0.13,1,0,1
ORD11432,CUST1064,Apparel,COD,1936.88,18,0,0,587,31,0.05,1,0,1
ORD11433,CUST1288,Footwear,Card,3461.77,19,1,30,181,1,0.24,1,0,0
ORD11434,CUST1174,Home & Kitchen,Netbanking,5497.52,6,0,10,428,21,0.08,1,0,0
ORD11435,CUST1345,Electronics,Wallet,5909.21,1,1,5,56,13,0.15,1,0,0
ORD11436,CUST1158,Beauty,Wallet,6874.06,14,0,20,244,18,0.75,1,0,1
ORD11437,CUST1066,Footwear,Card,6152.03,20,0,30,577,7,0.12,1,0,0
ORD11438,CUST1044,Home & Kitchen,Card,3819.2,12,1,0,640,28,0.08,1,0,0
ORD11439,CUST1340,Electronics,Wallet,1282.14,14,0,10,260,30,0.19,1,0,0
ORD11440,CUST1506,Apparel,UPI,7278.87,22,0,0,300,19,0.64,1,3,1
ORD11441,CUST1086,Apparel,Card,7916.19,1,0,30,620,10,0.02,1,0,1
ORD11442,CUST1500,Electronics,Wallet,6920.72,23,0,5,232,30,0.09,1,0,0
ORD11443,CUST1502,Beauty,Card,5468.73,19,1,30,332,2,0.15,1,2,1
ORD11444,CUST1035,Beauty,Card,6185.62,3,0,10,595,29,0.11,1,0,0
ORD11445,CUST1494,Footwear,Card,3427.26,7,0,0,839,18,0.21,1,0,1
ORD11446,CUST1213,Beauty,Netbanking,3327.9,0,0,5,701,33,0.19,1,0,0
ORD11447,CUST1081,Footwear,Netbanking,7791.45,2,0,0,629,32,0.23,4,0,1
ORD11448,CUST1560,Beauty,Netbanking,4910.63,4,0,5,60,23,0.02,1,0,0
ORD11449,CUST1288,Home & Kitchen,Card,3460.12,6,0,30,181,1,0.24,1,0,0
ORD11450,CUST1271,Electronics,Card,4699.15,6,0,0,210,36,0.21,1,0,0
ORD11451,CUST1220,Beauty,COD,2053.47,4,0,30,436,2,0.17,1,0,1
ORD11452,CUST1535,Footwear,COD,5352.82,22,1,20,195,24,0.71,1,2,1
ORD11453,CUST1404,Footwear,UPI,5255.54,14,0,30,33,9,0.21,1,0,1
ORD11454,CUST1332,Footwear,Card,4597.38,19,0,10,105,37,0.03,1,0,0
ORD11455,CUST1403,Footwear,Card,5771.65,4,0,0,33,6,0.03,1,0,1
ORD11456,CUST1383,Electronics,Netbanking,5306.55,8,0,30,548,39,0.09,1,0,0
ORD11457,CUST1199,Footwear,UPI,4689.35,8,0,10,324,22,0.22,1,0,1
ORD11458,CUST1095,Apparel,Card,857.79,17,1,10,757,15,0.06,1,0,0
ORD11459,CUST1000,Beauty,Wallet,7643.48,4,0,0,477,28,0.13,1,0,0
ORD11460,CUST1383,Footwear,Wallet,2813.2,1,1,10,548,39,0.09,1,0,0
ORD11461,CUST1526,Apparel,UPI,2710.95,13,0,30,7,2,0.22,1,0,1
ORD11462,CUST1378,Home & Kitchen,UPI,3640.22,4,0,10,387,15,0.18,1,0,0
ORD11463,CUST1239,Beauty,UPI,450.19,12,0,0,391,20,0.06,1,0,0
ORD11464,CUST1026,Home & Kitchen,COD,3206.86,17,0,30,48,11,0.65,1,1,1
ORD11465,CUST1495,Beauty,Wallet,3935.29,15,1,10,346,13,0.21,1,0,1
ORD11466,CUST1245,Footwear,Netbanking,5858.77,23,0,0,869,1,0.19,1,0,0
ORD11467,CUST1353,Footwear,COD,3360.45,22,0,0,377,5,0.11,1,0,0
ORD11468,CUST1004,Beauty,COD,1973.13,4,0,10,248,38,0.01,1,2,0
ORD11469,CUST1212,Apparel,COD,1751.13,7,0,10,675,30,0.2,1,0,0
ORD11470,CUST1504,Electronics,COD,1352.53,1,0,0,568,17,0.01,1,0,0
ORD11471,CUST1364,Electronics,COD,6014.81,15,0,5,566,8,0.23,1,0,1
ORD11472,CUST1186,Apparel,Card,4949.95,20,0,30,859,26,0.21,1,0,0
ORD11473,CUST1573,Apparel,Wallet,802.92,2,0,5,666,18,0.08,1,0,0
ORD11474,CUST1257,Home & Kitchen,UPI,2271.38,6,0,10,556,26,0.15,1,2,0
ORD11475,CUST1342,Beauty,UPI,3965.9,17,0,30,549,35,0.13,1,0,0
ORD11476,CUST1496,Electronics,Card,693.44,5,0,20,808,36,0.07,1,0,0
ORD11477,CUST1596,Electronics,Netbanking,5192.39,17,0,20,767,38,0.74,1,0,1
ORD11478,CUST1381,Footwear,Netbanking,2762.06,0,1,30,164,35,0.12,1,0,0
ORD11479,CUST1334,Apparel,Card,4809.64,18,0,20,836,1,0.78,1,0,1
ORD11480,CUST1513,Electronics,Netbanking,6648.63,4,0,30,474,23,0.19,1,0,0
ORD11481,CUST1579,Beauty,UPI,6468.22,11,1,0,315,26,0.05,1,0,0
ORD11482,CUST1349,Footwear,UPI,4146.45,21,0,0,308,34,0.16,4,0,1
ORD11483,CUST1545,Beauty,Wallet,4301.51,1,0,0,669,2,0.07,1,0,0
ORD11484,CUST1133,Home & Kitchen,Wallet,6624.34,5,0,0,359,21,0.2,1,0,0
ORD11485,CUST1265,Beauty,Netbanking,1914.06,23,1,0,379,26,0.07,1,0,0
ORD11486,CUST1041,Apparel,UPI,2309.0,13,0,5,140,8,0.12,1,0,0
ORD11487,CUST1239,Home & Kitchen,UPI,502.13,15,0,10,391,20,0.06,1,0,0
ORD11488,CUST1047,Apparel,Card,5892.7,13,0,30,145,3,0.89,1,0,1
ORD11489,CUST1541,Electronics,COD,6635.67,7,0,0,420,9,0.68,1,0,1
ORD11490,CUST1028,Electronics,COD,4378.89,21,1,30,144,37,0.01,1,0,0
ORD11491,CUST1243,Apparel,Wallet,529.87,21,0,0,855,17,0.13,1,0,1
ORD11492,CUST1387,Electronics,COD,6405.13,16,0,0,30,18,0.2,1,0,1
ORD11493,CUST1572,Beauty,Card,4772.29,12,0,10,455,9,0.14,1,0,0
ORD11494,CUST1195,Beauty,UPI,6828.26,0,0,20,25,20,0.04,1,0,0
ORD11495,CUST1337,Electronics,COD,4746.41,6,0,0,59,4,0.25,1,0,0
ORD11496,CUST1197,Electronics,Card,2684.42,5,0,10,322,19,0.08,1,0,0
ORD11497,CUST1418,Home & Kitchen,Card,1723.87,3,0,20,505,14,0.23,1,0,1
ORD11498,CUST1021,Electronics,COD,6348.18,2,1,10,202,24,0.22,1,0,0
ORD11499,CUST1368,Beauty,Wallet,1984.63,3,0,20,328,4,0.21,1,0,0
ORD11500,CUST1382,Footwear,UPI,6081.96,6,0,10,366,19,0.02,1,0,0
ORD11501,CUST1203,Apparel,Netbanking,2353.92,4,0,20,174,14,0.22,1,0,0
ORD11502,CUST1333,Apparel,Netbanking,5415.18,4,1,20,810,23,0.0,1,0,0
ORD11503,CUST1189,Apparel,Card,7088.43,14,0,0,313,37,0.22,1,0,1
ORD11504,CUST1098,Home & Kitchen,Card,7752.44,17,0,0,829,4,0.14,1,0,0
ORD11505,CUST1597,Electronics,Wallet,5785.04,0,0,20,327,2,0.13,1,0,0
ORD11506,CUST1089,Footwear,Card,5662.48,8,0,0,416,8,0.22,2,0,0
ORD11507,CUST1040,Footwear,Netbanking,4451.86,9,0,0,442,12,0.22,1,0,0
ORD11508,CUST1301,Home & Kitchen,Card,1032.46,5,0,5,723,11,0.2,1,0,1
ORD11509,CUST1084,Beauty,Card,2337.87,14,1,5,364,27,0.05,2,0,1
ORD11510,CUST1589,Beauty,UPI,6568.83,12,0,10,575,17,0.2,1,0,0
ORD11511,CUST1176,Beauty,COD,2364.17,12,0,5,575,4,0.14,1,0,0
ORD11512,CUST1049,Home & Kitchen,COD,5784.24,7,0,0,183,0,0.19,1,0,0
ORD11513,CUST1162,Apparel,Card,1578.98,14,0,20,482,40,0.08,1,0,0
ORD11514,CUST1190,Home & Kitchen,COD,4574.96,3,1,30,895,25,0.24,1,0,0
ORD11515,CUST1542,Home & Kitchen,Netbanking,1350.82,4,0,0,315,2,0.25,1,0,1
ORD11516,CUST1328,Home & Kitchen,Netbanking,2279.05,19,1,0,466,14,0.23,1,0,0
ORD11517,CUST1206,Home & Kitchen,UPI,6426.16,2,0,10,684,14,0.07,1,0,0
ORD11518,CUST1037,Home & Kitchen,Wallet,3383.57,6,1,20,510,39,0.17,1,0,0
ORD11519,CUST1212,Electronics,Netbanking,2169.76,2,0,30,675,30,0.2,1,0,0
ORD11520,CUST1233,Home & Kitchen,Card,2353.73,14,0,0,410,13,0.15,1,0,0
ORD11521,CUST1559,Home & Kitchen,UPI,1764.94,18,0,20,188,34,0.18,1,0,0
ORD11522,CUST1061,Beauty,COD,5612.17,4,0,5,227,28,0.13,1,0,0
ORD11523,CUST1252,Footwear,Wallet,440.81,17,0,5,24,25,0.03,1,0,0
ORD11524,CUST1136,Home & Kitchen,Card,3449.63,21,0,30,555,40,0.01,1,0,0
ORD11525,CUST1236,Footwear,Wallet,4287.54,13,0,10,269,32,0.1,2,0,0
ORD11526,CUST1597,Footwear,Card,2138.62,8,0,0,327,2,0.13,1,0,0
ORD11527,CUST1301,Beauty,Netbanking,4642.89,1,0,20,723,11,0.2,1,0,0
ORD11528,CUST1137,Footwear,Netbanking,1672.55,8,1,30,431,9,0.06,2,0,1
ORD11529,CUST1105,Home & Kitchen,Wallet,1446.91,1,0,5,774,15,0.01,1,0,0
ORD11530,CUST1140,Footwear,UPI,685.98,12,1,0,64,29,0.0,1,0,0
ORD11531,CUST1301,Apparel,Netbanking,3877.03,12,0,30,723,11,0.2,1,0,0
ORD11532,CUST1204,Footwear,Netbanking,6392.73,5,0,10,738,15,0.13,1,0,0
ORD11533,CUST1073,Beauty,Netbanking,2153.37,17,0,10,552,13,0.22,1,0,1
ORD11534,CUST1187,Beauty,UPI,2220.58,0,1,0,339,33,0.13,1,0,1
ORD11535,CUST1050,Footwear,COD,3390.33,4,0,30,798,22,0.13,1,0,1
ORD11536,CUST1156,Home & Kitchen,UPI,1589.14,6,0,0,733,4,0.68,1,0,1
ORD11537,CUST1589,Electronics,Card,1696.3,5,0,20,575,17,0.2,1,0,0
ORD11538,CUST1380,Apparel,COD,6482.3,12,0,5,105,19,0.13,1,1,1
ORD11539,CUST1562,Home & Kitchen,Card,3995.39,9,0,20,658,1,0.12,1,0,0
ORD11540,CUST1026,Footwear,Wallet,4638.4,12,0,20,48,11,0.65,1,0,0
ORD11541,CUST1475,Beauty,UPI,4312.62,16,1,0,753,30,0.16,1,0,0
ORD11542,CUST1501,Electronics,Netbanking,4225.65,7,0,20,713,4,0.19,1,1,1
ORD11543,CUST1440,Home & Kitchen,Wallet,7662.21,7,0,5,598,25,0.83,1,0,0
ORD11544,CUST1474,Home & Kitchen,Wallet,3428.52,3,1,10,217,39,0.01,1,0,0
ORD11545,CUST1123,Electronics,Netbanking,7381.76,20,1,20,367,20,0.09,1,0,0
ORD11546,CUST1161,Footwear,Netbanking,793.23,5,0,5,194,12,0.09,1,0,1
ORD11547,CUST1053,Electronics,Netbanking,3111.78,5,1,5,386,35,0.14,1,0,0
ORD11548,CUST1237,Beauty,Netbanking,5007.39,3,1,0,370,3,0.04,1,0,0
ORD11549,CUST1189,Electronics,COD,3155.39,4,0,30,313,37,0.22,1,0,0
ORD11550,CUST1162,Apparel,Card,6275.48,13,1,0,482,40,0.08,1,0,0
ORD11551,CUST1302,Apparel,COD,4273.22,9,0,30,188,22,0.73,1,0,1
ORD11552,CUST1595,Apparel,Card,4630.13,17,0,5,798,20,0.12,1,0,0
ORD11553,CUST1043,Electronics,Wallet,1103.68,9,1,20,392,40,0.13,1,0,0
ORD11554,CUST1091,Home & Kitchen,COD,3485.3,21,0,10,481,6,0.0,1,0,0
ORD11555,CUST1435,Home & Kitchen,UPI,7385.73,11,0,0,719,21,0.07,1,0,0
ORD11556,CUST1458,Electronics,Wallet,1969.31,22,0,0,72,21,0.01,1,0,0
ORD11557,CUST1207,Apparel,Wallet,536.5,12,0,5,451,33,0.02,1,0,0
ORD11558,CUST1598,Beauty,UPI,2518.3,13,0,20,638,36,0.03,1,0,0
ORD11559,CUST1366,Beauty,COD,3804.39,1,0,0,696,40,0.89,1,0,1
ORD11560,CUST1546,Electronics,Netbanking,3107.38,15,0,5,102,11,0.16,1,0,0
ORD11561,CUST1536,Home & Kitchen,COD,4136.89,16,0,0,780,23,0.18,2,0,0
ORD11562,CUST1499,Home & Kitchen,Wallet,5079.45,13,0,20,364,38,0.18,1,0,0
ORD11563,CUST1426,Home & Kitchen,Netbanking,3455.1,2,0,20,196,9,0.24,1,0,0
ORD11564,CUST1250,Footwear,UPI,7942.89,15,0,20,787,10,0.09,1,0,1
ORD11565,CUST1317,Footwear,Card,1481.73,18,0,20,886,14,0.21,1,0,0
ORD11566,CUST1310,Beauty,COD,1625.17,7,0,20,503,7,0.06,1,0,0
ORD11567,CUST1117,Footwear,COD,3784.62,20,0,5,459,39,0.21,1,0,1
ORD11568,CUST1534,Footwear,Wallet,286.19,15,1,30,195,31,0.18,1,0,1
ORD11569,CUST1293,Beauty,UPI,1604.41,21,0,20,639,1,0.0,1,0,0
ORD11570,CUST1022,Electronics,Card,236.96,13,1,30,40,32,0.24,1,0,0
ORD11571,CUST1413,Beauty,COD,1386.88,9,0,10,251,28,0.05,1,0,0
ORD11572,CUST1331,Beauty,Netbanking,2726.91,22,0,0,384,8,0.76,1,2,1
ORD11573,CUST1278,Footwear,Netbanking,863.59,22,1,10,891,18,0.06,1,0,0
ORD11574,CUST1460,Apparel,Card,5605.89,11,0,10,81,7,0.11,2,0,1
ORD11575,CUST1337,Apparel,Card,584.75,9,1,20,59,4,0.25,1,1,0
ORD11576,CUST1415,Footwear,UPI,3585.09,15,1,0,809,14,0.08,1,0,1
ORD11577,CUST1173,Footwear,Card,846.96,15,0,10,28,40,0.16,1,0,0
ORD11578,CUST1042,Home & Kitchen,Netbanking,2594.8,1,0,0,284,10,0.03,1,0,0
ORD11579,CUST1447,Beauty,Wallet,2194.18,2,0,30,684,10,0.03,1,0,1
ORD11580,CUST1074,Footwear,COD,4188.07,0,0,20,556,39,0.15,1,0,1
ORD11581,CUST1118,Electronics,Card,4592.19,1,1,10,400,9,0.09,1,0,0
ORD11582,CUST1430,Home & Kitchen,Wallet,5533.68,2,0,5,345,16,0.21,1,0,1
ORD11583,CUST1012,Apparel,UPI,7440.47,1,0,0,499,11,0.17,1,0,1
ORD11584,CUST1449,Apparel,Card,1953.55,15,0,20,129,3,0.11,1,0,1
ORD11585,CUST1197,Beauty,Netbanking,2001.32,6,0,0,322,19,0.08,1,0,0
ORD11586,CUST1048,Beauty,COD,3864.12,16,0,0,656,23,0.24,1,0,1
ORD11587,CUST1390,Home & Kitchen,COD,6778.92,11,0,0,372,34,0.06,1,0,0
ORD11588,CUST1429,Footwear,Netbanking,1141.23,4,0,20,65,29,0.01,1,0,0
ORD11589,CUST1044,Footwear,Wallet,993.0,7,0,0,640,28,0.08,1,0,0
ORD11590,CUST1298,Beauty,Wallet,945.3,14,0,5,10,25,0.13,1,0,0
ORD11591,CUST1117,Electronics,UPI,2473.11,13,0,0,459,39,0.21,1,0,0
ORD11592,CUST1578,Beauty,Card,6891.66,4,1,20,810,13,0.21,1,0,1
ORD11593,CUST1261,Electronics,Wallet,4443.77,2,1,5,404,0,0.06,1,0,1
ORD11594,CUST1430,Home & Kitchen,COD,2197.12,3,0,5,345,16,0.21,1,0,0
ORD11595,CUST1436,Home & Kitchen,Netbanking,4063.85,18,0,10,573,7,0.12,1,0,0
ORD11596,CUST1330,Footwear,COD,5420.3,19,0,10,275,18,0.17,1,0,0
ORD11597,CUST1367,Beauty,Card,3898.95,10,0,0,452,8,0.09,1,0,0
ORD11598,CUST1499,Apparel,Wallet,4629.72,9,0,0,364,38,0.18,1,0,0
ORD11599,CUST1060,Footwear,Card,903.49,10,0,30,706,28,0.24,1,0,1
ORD11600,CUST1318,Electronics,COD,3371.61,4,0,30,870,39,0.12,1,0,1
ORD11601,CUST1213,Beauty,Card,7594.04,6,0,0,701,33,0.19,1,0,1
ORD11602,CUST1034,Apparel,Netbanking,7279.74,7,0,0,119,16,0.86,1,0,1
ORD11603,CUST1227,Electronics,COD,5956.62,15,0,5,735,39,0.06,1,0,0
ORD11604,CUST1470,Home & Kitchen,COD,3683.18,3,0,5,252,31,0.25,1,0,0
ORD11605,CUST1004,Apparel,UPI,7555.95,5,1,30,248,38,0.01,2,2,1
ORD11606,CUST1005,Electronics,COD,776.32,21,0,30,532,14,0.16,1,0,1
ORD11607,CUST1150,Electronics,Wallet,3072.63,21,0,10,55,9,0.14,1,0,0
ORD11608,CUST1281,Beauty,COD,2468.39,16,0,10,444,7,0.04,1,0,0
ORD11609,CUST1484,Apparel,Netbanking,1865.21,4,0,5,26,8,0.19,1,0,1
ORD11610,CUST1368,Apparel,UPI,603.59,22,1,20,328,4,0.21,1,0,0
ORD11611,CUST1439,Apparel,COD,5612.94,12,0,30,28,17,0.13,1,0,1
ORD11612,CUST1599,Electronics,Wallet,5187.7,15,1,30,672,6,0.13,1,0,0
ORD11613,CUST1039,Apparel,Card,6797.66,12,0,30,453,31,0.22,1,0,0
ORD11614,CUST1347,Electronics,Card,3389.73,3,1,0,627,7,0.1,1,0,1
ORD11615,CUST1295,Footwear,Netbanking,1865.53,15,1,0,286,4,0.23,1,0,0
ORD11616,CUST1366,Home & Kitchen,Wallet,7922.39,0,1,10,696,40,0.89,1,0,0
ORD11617,CUST1189,Footwear,Netbanking,4471.81,1,1,10,313,37,0.22,1,0,0
ORD11618,CUST1247,Footwear,Card,347.71,17,0,30,362,7,0.88,1,0,1
ORD11619,CUST1411,Apparel,Netbanking,7157.34,19,1,30,189,19,0.06,1,0,0
ORD11620,CUST1589,Apparel,Wallet,3222.19,15,1,10,575,17,0.2,1,0,0
ORD11621,CUST1268,Apparel,UPI,5065.28,12,0,5,525,30,0.01,1,0,1
ORD11622,CUST1418,Beauty,Netbanking,6132.04,13,1,0,505,14,0.23,1,0,0
ORD11623,CUST1483,Beauty,Netbanking,7491.61,18,0,5,490,16,0.06,1,0,0
ORD11624,CUST1060,Apparel,UPI,4089.82,17,0,10,706,28,0.24,1,0,0
ORD11625,CUST1330,Electronics,Card,4828.29,5,1,10,275,18,0.17,1,0,0
ORD11626,CUST1071,Footwear,Netbanking,2806.26,21,0,30,749,37,0.03,1,0,1
ORD11627,CUST1450,Footwear,Wallet,2537.69,20,1,10,3,36,0.07,1,0,0
ORD11628,CUST1469,Beauty,Netbanking,1439.54,2,0,5,18,24,0.02,1,0,0
ORD11629,CUST1385,Electronics,Card,6514.44,9,0,0,879,16,0.03,1,0,0
ORD11630,CUST1220,Apparel,Wallet,6912.78,20,1,0,436,2,0.17,1,0,0
ORD11631,CUST1508,Apparel,Card,7839.21,16,0,30,320,34,0.22,1,0,0
ORD11632,CUST1416,Beauty,Card,3724.14,23,1,20,608,4,0.12,1,0,1
ORD11633,CUST1462,Electronics,Wallet,2356.08,8,0,20,541,5,0.05,1,0,0
ORD11634,CUST1382,Electronics,Netbanking,6474.38,16,1,5,366,19,0.02,1,0,0
ORD11635,CUST1401,Footwear,Card,4559.71,17,0,0,21,38,0.12,1,0,0
ORD11636,CUST1571,Beauty,Wallet,3763.07,22,0,10,121,2,0.18,1,0,0
ORD11637,CUST1145,Beauty,Wallet,4327.39,14,0,10,410,3,0.05,1,0,0
ORD11638,CUST1530,Home & Kitchen,Netbanking,1720.89,20,0,0,735,20,0.12,1,0,1
ORD11639,CUST1017,Footwear,Netbanking,3394.0,5,1,5,304,24,0.02,2,0,1
ORD11640,CUST1584,Electronics,COD,7041.43,13,0,0,475,4,0.03,1,0,0
ORD11641,CUST1487,Home & Kitchen,Card,5893.65,0,0,0,149,6,0.15,1,0,0
ORD11642,CUST1297,Electronics,Netbanking,4159.43,2,0,0,182,22,0.03,1,0,0
ORD11643,CUST1333,Apparel,COD,5477.8,15,0,10,810,23,0.0,1,0,1
ORD11644,CUST1198,Footwear,Wallet,3027.39,13,0,30,900,13,0.05,2,1,1
ORD11645,CUST1445,Beauty,COD,889.35,12,0,0,311,15,0.01,1,0,1
ORD11646,CUST1301,Footwear,COD,5398.14,13,0,5,723,11,0.2,1,0,0
ORD11647,CUST1093,Electronics,COD,1067.45,6,0,5,584,11,0.13,1,0,0
ORD11648,CUST1016,Footwear,Wallet,4030.24,18,0,0,44,9,0.05,1,0,1
ORD11649,CUST1271,Electronics,Netbanking,1262.91,19,1,0,210,36,0.21,1,0,0
ORD11650,CUST1436,Electronics,COD,2902.68,23,0,5,573,7,0.12,1,0,0
ORD11651,CUST1533,Beauty,Netbanking,5646.65,22,1,0,513,0,0.12,1,0,1
ORD11652,CUST1082,Electronics,UPI,1103.95,10,0,20,177,10,0.25,1,0,0
ORD11653,CUST1364,Electronics,UPI,2852.27,3,0,5,566,8,0.23,1,0,0
ORD11654,CUST1478,Footwear,UPI,4398.26,0,0,5,232,38,0.19,1,0,1
ORD11655,CUST1182,Beauty,Wallet,2507.21,3,0,0,147,33,0.69,1,0,0
ORD11656,CUST1216,Apparel,COD,1270.5,7,0,5,268,2,0.05,1,0,0
ORD11657,CUST1015,Beauty,UPI,3979.37,20,0,5,21,13,0.05,1,0,1
ORD11658,CUST1456,Electronics,Netbanking,1456.82,16,0,20,37,6,0.22,1,0,1
ORD11659,CUST1430,Apparel,COD,6695.21,9,0,0,345,16,0.21,1,0,1
ORD11660,CUST1237,Footwear,Netbanking,3902.25,3,0,5,370,3,0.04,1,0,0
ORD11661,CUST1440,Electronics,Wallet,6768.46,14,0,0,598,25,0.83,1,2,1
ORD11662,CUST1534,Footwear,Wallet,6674.64,14,0,0,195,31,0.18,1,0,0
ORD11663,CUST1059,Footwear,Card,5161.03,16,0,0,144,30,0.6,1,0,1
ORD11664,CUST1083,Footwear,Card,724.61,22,0,0,698,29,0.02,1,0,0
ORD11665,CUST1222,Home & Kitchen,Wallet,1096.65,12,0,5,255,10,0.12,1,0,1
ORD11666,CUST1149,Home & Kitchen,Wallet,473.63,18,0,30,830,33,0.03,1,0,0
ORD11667,CUST1190,Footwear,Card,5381.27,3,1,5,895,25,0.24,1,0,0
ORD11668,CUST1167,Footwear,Card,4290.82,14,1,0,340,26,0.16,1,0,0
ORD11669,CUST1581,Footwear,UPI,1648.26,18,0,0,42,32,0.63,1,0,0
ORD11670,CUST1126,Footwear,Netbanking,2255.5,22,0,20,406,37,0.1,1,0,0
ORD11671,CUST1230,Beauty,COD,1325.84,22,0,20,352,36,0.17,1,0,1
ORD11672,CUST1536,Footwear,UPI,7120.51,8,0,5,780,23,0.18,1,0,0
ORD11673,CUST1222,Apparel,Wallet,3217.87,16,1,30,255,10,0.12,1,0,0
ORD11674,CUST1159,Home & Kitchen,COD,2660.39,20,1,10,819,13,0.23,1,1,0
ORD11675,CUST1332,Electronics,Card,4728.04,1,1,0,105,37,0.03,2,0,0
ORD11676,CUST1275,Home & Kitchen,Card,6632.17,20,0,5,696,8,0.01,1,0,0
ORD11677,CUST1574,Apparel,COD,1079.71,3,1,20,4,10,0.12,1,0,1
ORD11678,CUST1190,Electronics,Card,7449.54,4,0,10,895,25,0.24,1,0,0
ORD11679,CUST1539,Beauty,Netbanking,3802.75,13,1,0,607,7,0.06,1,0,0
ORD11680,CUST1401,Home & Kitchen,UPI,750.79,6,0,0,21,38,0.12,1,0,0
ORD11681,CUST1220,Electronics,COD,6189.38,17,0,10,436,2,0.17,1,0,0
ORD11682,CUST1124,Apparel,Wallet,2671.85,17,0,10,704,17,0.11,1,0,1
ORD11683,CUST1027,Home & Kitchen,Wallet,7724.26,6,1,0,142,28,0.25,1,0,0
ORD11684,CUST1227,Apparel,Wallet,259.4,6,0,10,735,39,0.06,1,0,0
ORD11685,CUST1087,Apparel,UPI,1720.97,23,0,10,863,40,0.23,1,0,0
ORD11686,CUST1060,Footwear,Card,5619.47,23,0,0,706,28,0.24,1,0,0
ORD11687,CUST1154,Electronics,COD,2394.95,18,0,0,214,2,0.14,1,0,0
ORD11688,CUST1274,Electronics,Netbanking,3264.67,16,0,0,137,17,0.17,1,0,0
ORD11689,CUST1539,Footwear,Card,7048.51,12,0,0,607,7,0.06,1,0,1
ORD11690,CUST1125,Footwear,UPI,5892.41,0,1,20,410,33,0.06,1,0,0
ORD11691,CUST1046,Home & Kitchen,Card,4816.72,1,0,0,140,25,0.11,1,2,0
ORD11692,CUST1440,Footwear,UPI,1328.6,5,0,0,598,25,0.83,1,0,1
ORD11693,CUST1234,Home & Kitchen,COD,1675.94,7,0,10,642,11,0.22,1,0,0
ORD11694,CUST1333,Home & Kitchen,COD,786.24,12,0,10,810,23,0.0,1,0,0
ORD11695,CUST1219,Footwear,Wallet,2804.72,16,0,5,656,34,0.75,1,0,0
ORD11696,CUST1186,Footwear,COD,6909.91,15,1,30,859,26,0.21,1,0,1
ORD11697,CUST1433,Electronics,UPI,7079.29,3,0,20,694,39,0.21,1,0,0
ORD11698,CUST1245,Footwear,COD,5924.85,21,0,20,869,1,0.19,1,0,0
ORD11699,CUST1496,Apparel,Card,6137.66,22,0,20,808,36,0.07,4,0,1
ORD11700,CUST1563,Apparel,UPI,1614.59,19,0,20,165,34,0.09,1,0,0
ORD11701,CUST1355,Home & Kitchen,Wallet,6147.23,21,0,5,561,20,0.1,1,0,0
ORD11702,CUST1465,Beauty,Netbanking,1864.26,14,1,10,487,12,0.24,1,0,0
ORD11703,CUST1543,Apparel,Netbanking,5394.12,15,0,10,433,37,0.85,1,0,1
ORD11704,CUST1548,Electronics,Card,4315.18,11,0,20,591,36,0.22,1,0,0
ORD11705,CUST1034,Home & Kitchen,Wallet,3317.5,12,0,0,119,16,0.86,1,0,0
ORD11706,CUST1333,Footwear,Wallet,3806.37,0,0,10,810,23,0.0,1,0,0
ORD11707,CUST1409,Beauty,Wallet,4764.49,6,1,5,154,13,0.06,1,0,0
ORD11708,CUST1392,Footwear,COD,3742.24,10,1,5,564,7,0.14,1,0,0
ORD11709,CUST1206,Beauty,Card,4520.36,3,1,10,684,14,0.07,1,0,0
ORD11710,CUST1233,Apparel,COD,5628.5,15,0,0,410,13,0.15,1,0,1
ORD11711,CUST1064,Footwear,COD,6308.34,16,0,0,587,31,0.05,1,0,0
ORD11712,CUST1083,Beauty,UPI,2974.02,23,0,30,698,29,0.02,1,0,0
ORD11713,CUST1305,Footwear,UPI,3687.86,16,1,30,707,29,0.11,1,0,1
ORD11714,CUST1099,Apparel,Netbanking,6444.46,10,1,0,164,24,0.12,1,0,0
ORD11715,CUST1278,Apparel,Card,3651.06,11,0,0,891,18,0.06,1,0,0
ORD11716,CUST1241,Footwear,Wallet,5450.13,23,0,30,214,19,0.1,1,0,0
ORD11717,CUST1224,Electronics,Netbanking,5542.12,5,1,0,132,31,0.19,1,0,1
ORD11718,CUST1426,Electronics,UPI,581.7,9,0,20,196,9,0.24,1,0,0
ORD11719,CUST1183,Electronics,Card,1644.16,1,1,5,270,15,0.14,1,0,0
ORD11720,CUST1249,Apparel,Netbanking,3334.19,12,1,20,292,31,0.18,1,0,0
ORD11721,CUST1522,Beauty,Netbanking,681.64,8,0,0,536,6,0.24,1,0,0
ORD11722,CUST1080,Beauty,UPI,2820.31,0,0,20,703,12,0.2,1,0,0
ORD11723,CUST1529,Home & Kitchen,UPI,2670.21,13,0,10,297,7,0.89,1,0,0
ORD11724,CUST1147,Electronics,UPI,1459.51,18,1,0,12,30,0.23,1,0,0
ORD11725,CUST1549,Home & Kitchen,Netbanking,4777.07,16,1,0,277,36,0.04,1,0,0
ORD11726,CUST1131,Beauty,UPI,575.01,0,1,20,87,1,0.16,1,0,1
ORD11727,CUST1139,Home & Kitchen,Netbanking,2247.88,15,1,0,483,19,0.18,1,0,0
ORD11728,CUST1108,Electronics,Wallet,3028.13,22,1,5,427,29,0.15,1,0,0
ORD11729,CUST1354,Apparel,Card,2721.72,7,0,5,462,7,0.01,1,0,0
ORD11730,CUST1254,Home & Kitchen,UPI,6589.33,23,0,20,75,1,0.01,1,0,0
ORD11731,CUST1316,Beauty,UPI,5370.49,5,0,0,816,9,0.2,1,0,1
ORD11732,CUST1109,Beauty,Card,7468.17,8,0,5,762,33,0.2,1,0,0
ORD11733,CUST1249,Footwear,COD,7875.61,21,0,20,292,31,0.18,1,0,1
ORD11734,CUST1268,Beauty,Wallet,7080.62,15,0,10,525,30,0.01,1,0,0
ORD11735,CUST1144,Electronics,UPI,1596.61,4,1,0,413,21,0.17,1,0,0
ORD11736,CUST1475,Electronics,Netbanking,1725.22,19,0,5,753,30,0.16,1,0,0
ORD11737,CUST1572,Beauty,Card,230.73,16,0,20,455,9,0.14,1,0,0
ORD11738,CUST1227,Beauty,Wallet,6002.49,23,0,30,735,39,0.06,1,0,1
ORD11739,CUST1533,Footwear,Netbanking,3834.26,14,1,10,513,0,0.12,1,0,0
ORD11740,CUST1081,Beauty,Wallet,2225.18,14,1,30,629,32,0.23,1,0,1
ORD11741,CUST1449,Home & Kitchen,COD,6703.51,18,1,0,129,3,0.11,1,0,0
ORD11742,CUST1274,Home & Kitchen,UPI,4555.62,18,0,30,137,17,0.17,2,0,0
ORD11743,CUST1131,Beauty,Wallet,4666.09,10,0,10,87,1,0.16,1,0,0
ORD11744,CUST1514,Beauty,COD,7815.14,19,0,5,595,12,0.02,1,0,1
ORD11745,CUST1031,Home & Kitchen,Card,6952.21,7,1,5,755,8,0.2,1,0,0
ORD11746,CUST1307,Footwear,UPI,2288.49,23,0,0,463,28,0.65,1,0,1
ORD11747,CUST1133,Home & Kitchen,Card,422.68,23,0,30,359,21,0.2,1,0,0
ORD11748,CUST1383,Footwear,Card,2839.46,2,0,0,548,39,0.09,2,0,1
ORD11749,CUST1505,Electronics,Card,3621.62,3,1,10,799,18,0.06,1,0,0
ORD11750,CUST1392,Electronics,COD,3629.54,9,0,0,564,7,0.14,1,0,1
ORD11751,CUST1276,Apparel,Netbanking,497.66,2,0,5,293,22,0.18,1,1,1
ORD11752,CUST1047,Apparel,Card,2419.38,11,1,30,145,3,0.89,1,0,1
ORD11753,CUST1319,Beauty,Card,5992.27,14,0,10,546,40,0.08,1,0,0
ORD11754,CUST1018,Home & Kitchen,UPI,2425.79,11,0,10,616,23,0.09,1,0,0
ORD11755,CUST1133,Home & Kitchen,Card,900.59,9,0,5,359,21,0.2,1,0,0
ORD11756,CUST1423,Footwear,Netbanking,1654.92,15,0,20,454,33,0.07,1,0,0
ORD11757,CUST1473,Electronics,Card,7519.61,22,0,30,275,28,0.05,1,0,1
ORD11758,CUST1327,Home & Kitchen,Card,7771.64,0,0,0,292,7,0.22,1,0,0
ORD11759,CUST1068,Apparel,Wallet,2385.71,21,0,0,836,30,0.13,1,0,0
ORD11760,CUST1583,Apparel,Netbanking,3934.12,19,1,5,269,15,0.08,1,0,1
ORD11761,CUST1342,Home & Kitchen,COD,2624.74,20,1,0,549,35,0.13,1,0,0
ORD11762,CUST1195,Home & Kitchen,Card,6549.14,18,0,0,25,20,0.04,1,0,0
ORD11763,CUST1387,Apparel,Netbanking,6909.15,17,0,0,30,18,0.2,1,0,1
ORD11764,CUST1110,Beauty,Netbanking,7693.9,18,0,30,493,7,0.13,1,0,0
ORD11765,CUST1519,Footwear,Netbanking,7856.38,19,0,20,249,31,0.05,1,0,1
ORD11766,CUST1327,Footwear,UPI,389.45,1,0,5,292,7,0.22,1,0,0
ORD11767,CUST1328,Home & Kitchen,Card,5956.02,5,0,0,466,14,0.23,1,2,0
ORD11768,CUST1561,Electronics,Card,7566.42,18,0,30,701,16,0.74,1,0,1
ORD11769,CUST1251,Apparel,Netbanking,2490.39,8,0,0,433,9,0.12,1,0,0
ORD11770,CUST1257,Footwear,Card,5119.16,3,1,0,556,26,0.15,1,1,1
ORD11771,CUST1452,Electronics,Card,1673.5,11,0,20,237,39,0.19,1,0,0
ORD11772,CUST1569,Footwear,Netbanking,5106.37,17,0,30,298,4,0.11,1,0,0
ORD11773,CUST1000,Apparel,COD,2726.3,7,0,30,477,28,0.13,1,0,1
ORD11774,CUST1317,Footwear,COD,3889.99,15,0,0,886,14,0.21,1,0,0
ORD11775,CUST1039,Beauty,UPI,1251.33,21,0,0,453,31,0.22,1,0,0
ORD11776,CUST1192,Apparel,Wallet,7604.19,5,0,5,749,23,0.22,1,0,1
ORD11777,CUST1106,Apparel,COD,4263.49,14,0,5,148,15,0.15,1,0,0
ORD11778,CUST1307,Beauty,Wallet,5755.46,5,1,5,463,28,0.65,1,0,0
ORD11779,CUST1560,Footwear,Card,7568.51,4,0,5,60,23,0.02,1,0,0
ORD11780,CUST1191,Home & Kitchen,Netbanking,1676.25,11,0,10,559,19,0.16,1,0,0
ORD11781,CUST1483,Beauty,COD,4357.61,9,0,30,490,16,0.06,1,0,0
ORD11782,CUST1314,Apparel,Card,708.86,8,1,10,76,6,0.14,1,0,0
ORD11783,CUST1529,Footwear,Netbanking,4935.03,17,1,10,297,7,0.89,1,0,1
ORD11784,CUST1432,Beauty,Wallet,5897.96,11,0,10,440,34,0.15,1,0,1
ORD11785,CUST1339,Home & Kitchen,COD,2934.21,11,0,30,760,5,0.0,1,0,1
ORD11786,CUST1297,Footwear,Netbanking,1587.4,14,0,0,182,22,0.03,1,0,0
ORD11787,CUST1383,Electronics,Wallet,6175.45,21,1,20,548,39,0.09,1,0,0
ORD11788,CUST1027,Home & Kitchen,Card,5862.3,11,1,5,142,28,0.25,1,0,0
ORD11789,CUST1357,Beauty,Card,5011.69,2,0,20,10,23,0.1,1,0,0
ORD11790,CUST1129,Electronics,Netbanking,5161.14,6,0,10,303,1,0.16,1,0,0
ORD11791,CUST1486,Home & Kitchen,Wallet,1796.12,9,1,0,641,31,0.17,1,0,0
ORD11792,CUST1401,Footwear,COD,7239.16,14,1,0,21,38,0.12,1,0,1
ORD11793,CUST1248,Beauty,UPI,7279.27,6,1,0,93,27,0.03,1,0,0
ORD11794,CUST1532,Footwear,Card,1596.22,21,0,0,338,24,0.6,1,0,1
ORD11795,CUST1565,Beauty,Netbanking,5346.12,9,0,0,597,15,0.22,1,0,0
ORD11796,CUST1258,Apparel,Card,6453.44,3,0,20,461,24,0.89,1,0,1
ORD11797,CUST1001,Footwear,Netbanking,5979.51,7,1,0,645,39,0.2,1,0,1
ORD11798,CUST1177,Electronics,Wallet,5447.62,20,1,20,838,21,0.15,1,0,0
ORD11799,CUST1281,Home & Kitchen,Netbanking,6007.26,12,0,0,444,7,0.04,1,0,0
ORD11800,CUST1007,Home & Kitchen,COD,4542.83,0,0,10,323,14,0.13,1,0,1
ORD11801,CUST1050,Electronics,COD,1537.35,10,1,20,798,22,0.13,1,0,0
ORD11802,CUST1149,Home & Kitchen,Netbanking,2054.26,18,1,0,830,33,0.03,1,0,0
ORD11803,CUST1572,Beauty,Card,2539.75,7,0,0,455,9,0.14,1,0,0
ORD11804,CUST1008,Electronics,Netbanking,7571.02,20,0,20,111,18,0.69,1,0,1
ORD11805,CUST1253,Electronics,Card,7625.94,16,0,0,387,31,0.21,1,0,0
ORD11806,CUST1099,Beauty,Wallet,7944.36,20,0,0,164,24,0.12,1,0,1
ORD11807,CUST1124,Apparel,UPI,1599.94,8,0,30,704,17,0.11,1,0,1
ORD11808,CUST1447,Electronics,COD,4860.6,12,1,20,684,10,0.03,1,2,0
ORD11809,CUST1577,Apparel,UPI,2288.76,5,0,5,112,35,0.01,1,0,1
ORD11810,CUST1178,Footwear,Card,2671.02,10,0,5,373,15,0.19,1,0,0
ORD11811,CUST1236,Apparel,COD,7396.27,5,1,10,269,32,0.1,1,0,1
ORD11812,CUST1252,Beauty,Netbanking,1266.5,5,0,30,24,25,0.03,1,0,0
ORD11813,CUST1021,Footwear,Netbanking,7611.31,9,1,30,202,24,0.22,1,0,1
ORD11814,CUST1115,Beauty,Wallet,2319.57,14,1,30,165,35,0.06,1,0,1
ORD11815,CUST1049,Footwear,Wallet,2913.54,19,0,0,183,0,0.19,1,0,1
ORD11816,CUST1146,Beauty,Wallet,7141.92,18,0,5,814,33,0.19,1,0,0
ORD11817,CUST1358,Electronics,Wallet,6162.01,21,1,5,253,23,0.24,1,0,0
ORD11818,CUST1260,Home & Kitchen,Card,1602.59,21,1,10,277,14,0.06,1,0,0
ORD11819,CUST1340,Footwear,Wallet,5686.81,16,1,0,260,30,0.19,1,0,0
ORD11820,CUST1437,Apparel,Wallet,3735.07,16,1,0,2,31,0.1,1,0,1
ORD11821,CUST1195,Electronics,Wallet,5929.82,15,0,0,25,20,0.04,1,0,0
ORD11822,CUST1551,Home & Kitchen,UPI,7611.28,19,0,0,399,12,0.07,1,0,0
ORD11823,CUST1461,Home & Kitchen,Netbanking,2831.98,6,1,30,829,32,0.23,1,0,1
ORD11824,CUST1386,Home & Kitchen,Netbanking,5606.06,5,0,10,684,18,0.07,1,0,0
ORD11825,CUST1488,Apparel,COD,4931.33,8,0,0,584,1,0.24,1,0,1
ORD11826,CUST1445,Apparel,Wallet,5039.21,13,1,5,311,15,0.01,1,0,0
ORD11827,CUST1060,Footwear,Netbanking,5226.88,11,1,10,706,28,0.24,1,0,0
ORD11828,CUST1192,Home & Kitchen,Card,7729.57,8,0,10,749,23,0.22,2,0,1
ORD11829,CUST1277,Apparel,COD,3736.54,4,0,20,28,34,0.21,1,0,1
ORD11830,CUST1567,Apparel,Card,1730.58,19,1,0,270,30,0.15,4,0,0
ORD11831,CUST1550,Footwear,UPI,4977.73,18,1,10,800,3,0.11,1,0,1
ORD11832,CUST1516,Home & Kitchen,Card,3137.4,4,0,0,78,34,0.25,1,0,0
ORD11833,CUST1407,Beauty,Netbanking,6432.3,13,1,5,789,15,0.07,1,2,0
ORD11834,CUST1562,Electronics,COD,7366.28,18,0,0,658,1,0.12,1,0,0
ORD11835,CUST1264,Electronics,COD,4666.93,4,0,5,197,10,0.04,1,0,1
ORD11836,CUST1290,Footwear,Wallet,4460.08,23,0,5,374,0,0.19,2,0,1
ORD11837,CUST1002,Electronics,Card,3929.22,13,0,10,830,40,0.01,1,0,0
ORD11838,CUST1180,Footwear,Card,6700.08,5,1,0,675,8,0.08,1,0,1
ORD11839,CUST1042,Footwear,Wallet,4280.55,0,1,20,284,10,0.03,1,0,0
ORD11840,CUST1140,Electronics,COD,239.12,16,0,30,64,29,0.0,1,0,0
ORD11841,CUST1501,Electronics,COD,1778.52,4,0,30,713,4,0.19,1,2,1
ORD11842,CUST1548,Home & Kitchen,COD,1901.36,9,0,0,591,36,0.22,1,0,0
ORD11843,CUST1419,Electronics,Wallet,4348.14,11,1,5,732,20,0.24,1,0,0
ORD11844,CUST1344,Footwear,Card,5997.5,6,1,30,525,19,0.07,1,0,0
ORD11845,CUST1537,Footwear,Card,3356.07,14,1,30,167,39,0.56,1,0,1
ORD11846,CUST1371,Footwear,Wallet,2289.19,20,0,30,159,17,0.12,1,0,0
ORD11847,CUST1539,Footwear,UPI,2486.96,14,0,0,607,7,0.06,1,0,0
ORD11848,CUST1190,Electronics,COD,2924.58,3,1,0,895,25,0.24,1,0,0
ORD11849,CUST1520,Home & Kitchen,Card,4453.55,12,0,30,592,40,0.15,1,0,0
ORD11850,CUST1504,Apparel,Wallet,5772.38,12,0,30,568,17,0.01,1,2,0
ORD11851,CUST1500,Home & Kitchen,COD,2466.35,17,0,20,232,30,0.09,1,0,0
ORD11852,CUST1488,Footwear,Wallet,2548.41,8,0,0,584,1,0.24,1,0,0
ORD11853,CUST1225,Home & Kitchen,UPI,7091.22,14,0,0,535,2,0.0,1,0,0
ORD11854,CUST1296,Beauty,COD,803.09,9,0,5,760,11,0.05,1,0,0
ORD11855,CUST1554,Apparel,UPI,5447.48,5,0,30,643,21,0.16,1,0,0
ORD11856,CUST1218,Footwear,UPI,866.5,14,1,10,453,16,0.85,1,0,1
ORD11857,CUST1373,Home & Kitchen,Card,6650.51,22,1,5,108,35,0.19,1,0,0
ORD11858,CUST1263,Footwear,Card,508.49,2,1,20,107,1,0.08,1,0,0
ORD11859,CUST1234,Apparel,Netbanking,2726.89,3,0,10,642,11,0.22,1,0,0
ORD11860,CUST1254,Apparel,COD,4869.42,14,0,0,75,1,0.01,1,0,0
ORD11861,CUST1267,Home & Kitchen,UPI,4355.99,19,1,30,65,4,0.2,1,0,0
ORD11862,CUST1551,Apparel,Wallet,7485.13,2,0,0,399,12,0.07,1,0,0
ORD11863,CUST1535,Footwear,COD,5145.37,9,1,20,195,24,0.71,1,2,1
ORD11864,CUST1019,Beauty,COD,2042.91,15,0,0,589,8,0.22,1,0,1
ORD11865,CUST1320,Home & Kitchen,Card,6308.71,21,0,30,442,24,0.0,1,0,0
ORD11866,CUST1180,Beauty,Wallet,5208.27,20,1,30,675,8,0.08,1,0,0
ORD11867,CUST1383,Home & Kitchen,Wallet,7333.8,2,0,30,548,39,0.09,1,0,0
ORD11868,CUST1329,Footwear,Netbanking,589.82,8,0,0,460,40,0.02,1,0,0
ORD11869,CUST1457,Electronics,Card,5038.45,23,0,0,256,18,0.05,1,1,0
ORD11870,CUST1432,Apparel,Card,4193.62,10,0,30,440,34,0.15,1,0,1
ORD11871,CUST1439,Home & Kitchen,COD,2382.61,18,0,20,28,17,0.13,1,0,0
ORD11872,CUST1595,Apparel,Wallet,7535.15,21,0,5,798,20,0.12,1,0,0
ORD11873,CUST1037,Footwear,Card,4803.93,14,1,10,510,39,0.17,1,0,0
ORD11874,CUST1089,Apparel,Wallet,6415.36,4,0,10,416,8,0.22,1,0,1
ORD11875,CUST1259,Beauty,Netbanking,1527.1,16,0,30,280,19,0.12,1,0,0
ORD11876,CUST1007,Footwear,UPI,7999.03,8,0,0,323,14,0.13,1,0,1
ORD11877,CUST1382,Home & Kitchen,UPI,1844.57,16,0,0,366,19,0.02,1,0,0
ORD11878,CUST1067,Beauty,Netbanking,6018.4,21,0,5,424,25,0.07,1,0,0
ORD11879,CUST1262,Footwear,Wallet,7239.72,9,1,0,640,35,0.22,2,0,0
ORD11880,CUST1016,Beauty,Netbanking,2002.6,16,0,30,44,9,0.05,1,0,0
ORD11881,CUST1336,Apparel,Wallet,1697.68,10,0,30,22,25,0.11,1,0,1
ORD11882,CUST1049,Electronics,Card,6057.5,5,0,30,183,0,0.19,1,0,0
ORD11883,CUST1147,Home & Kitchen,Card,2718.56,1,1,30,12,30,0.23,1,0,0
ORD11884,CUST1449,Footwear,Netbanking,1453.36,23,0,0,129,3,0.11,1,0,1
ORD11885,CUST1357,Home & Kitchen,UPI,4148.81,14,0,30,10,23,0.1,1,0,0
ORD11886,CUST1450,Beauty,Card,2399.03,13,1,20,3,36,0.07,1,0,0
ORD11887,CUST1270,Beauty,COD,3024.18,6,1,10,651,16,0.09,1,0,1
ORD11888,CUST1404,Footwear,Card,5462.49,18,0,30,33,9,0.21,1,3,1
ORD11889,CUST1372,Apparel,COD,5333.19,2,1,10,691,31,0.72,1,0,1
ORD11890,CUST1460,Beauty,Netbanking,6285.16,4,1,30,81,7,0.11,1,0,0
ORD11891,CUST1004,Home & Kitchen,Wallet,4457.48,13,0,20,248,38,0.01,1,1,0
ORD11892,CUST1593,Apparel,Wallet,5025.52,23,0,30,69,22,0.17,1,0,1
ORD11893,CUST1418,Apparel,Card,5083.77,11,0,10,505,14,0.23,1,0,0
ORD11894,CUST1022,Apparel,COD,3660.22,20,0,0,40,32,0.24,1,0,1
ORD11895,CUST1120,Apparel,COD,1858.56,12,1,20,81,34,0.02,1,0,1
ORD11896,CUST1343,Electronics,Card,4574.03,15,1,0,520,36,0.03,1,0,0
ORD11897,CUST1193,Apparel,UPI,570.84,4,0,0,765,26,0.14,2,0,1
ORD11898,CUST1250,Apparel,Card,5529.63,12,1,10,787,10,0.09,1,0,0
ORD11899,CUST1415,Footwear,Wallet,1860.25,16,1,30,809,14,0.08,1,0,1
ORD11900,CUST1230,Electronics,COD,6725.29,1,0,0,352,36,0.17,1,0,1
ORD11901,CUST1187,Home & Kitchen,Card,6453.98,20,0,20,339,33,0.13,1,0,0
ORD11902,CUST1462,Footwear,Netbanking,2995.99,11,0,0,541,5,0.05,2,0,1
ORD11903,CUST1479,Footwear,Netbanking,250.0,3,0,30,729,25,0.0,1,0,1
ORD11904,CUST1205,Beauty,UPI,7344.39,16,0,0,537,7,0.15,1,0,0
ORD11905,CUST1141,Electronics,Netbanking,5972.71,19,0,30,203,11,0.09,1,0,0
ORD11906,CUST1245,Electronics,Netbanking,3515.3,9,0,0,869,1,0.19,1,0,0
ORD11907,CUST1142,Beauty,Wallet,2814.14,22,0,10,521,14,0.11,1,2,1
ORD11908,CUST1510,Apparel,Wallet,7886.5,21,0,30,455,33,0.14,1,0,0
ORD11909,CUST1042,Apparel,COD,5009.76,7,0,0,284,10,0.03,1,0,0
ORD11910,CUST1235,Apparel,Wallet,1457.15,15,1,30,708,17,0.09,1,0,0
ORD11911,CUST1070,Home & Kitchen,Netbanking,1873.87,11,1,10,13,18,0.08,1,0,0
ORD11912,CUST1117,Electronics,COD,960.36,6,0,0,459,39,0.21,1,0,1
ORD11913,CUST1551,Electronics,UPI,594.04,20,1,30,399,12,0.07,1,0,0
ORD11914,CUST1012,Footwear,UPI,2198.89,13,0,0,499,11,0.17,3,0,0
ORD11915,CUST1033,Footwear,COD,7982.24,3,1,5,679,24,0.68,1,0,1
ORD11916,CUST1477,Beauty,COD,6974.01,8,0,20,619,38,0.78,1,0,1
ORD11917,CUST1341,Apparel,Card,3691.93,13,0,0,881,23,0.24,1,2,1
ORD11918,CUST1302,Home & Kitchen,Card,3385.39,1,0,10,188,22,0.73,1,0,0
ORD11919,CUST1019,Footwear,UPI,1977.48,22,0,10,589,8,0.22,1,0,0
ORD11920,CUST1390,Apparel,COD,2508.29,20,0,0,372,34,0.06,3,0,1
ORD11921,CUST1241,Beauty,UPI,6946.49,16,1,10,214,19,0.1,1,0,0
ORD11922,CUST1143,Apparel,Wallet,2972.51,20,0,10,320,40,0.14,1,0,0
ORD11923,CUST1576,Electronics,Netbanking,3544.03,5,0,30,53,18,0.23,1,0,1
ORD11924,CUST1025,Apparel,COD,856.01,15,0,0,218,13,0.19,1,0,1
ORD11925,CUST1377,Beauty,Netbanking,2740.46,18,0,10,748,26,0.14,1,0,0
ORD11926,CUST1222,Apparel,Wallet,5207.14,10,1,30,255,10,0.12,1,0,1
ORD11927,CUST1109,Beauty,Wallet,2998.01,12,0,0,762,33,0.2,1,0,0
ORD11928,CUST1366,Electronics,Wallet,7540.7,9,0,5,696,40,0.89,1,0,0
ORD11929,CUST1291,Footwear,Card,4633.38,18,0,30,507,25,0.08,1,0,1
ORD11930,CUST1167,Home & Kitchen,UPI,4158.5,12,0,0,340,26,0.16,1,0,1
ORD11931,CUST1390,Electronics,Wallet,867.7,9,1,30,372,34,0.06,1,0,0
ORD11932,CUST1212,Beauty,UPI,3810.75,22,0,10,675,30,0.2,1,0,0
ORD11933,CUST1357,Home & Kitchen,Netbanking,4574.79,20,1,0,10,23,0.1,1,0,0
ORD11934,CUST1495,Electronics,COD,3799.2,13,0,5,346,13,0.21,1,0,1
ORD11935,CUST1108,Electronics,COD,1261.35,22,0,5,427,29,0.15,1,0,1
ORD11936,CUST1417,Electronics,Card,5451.56,8,0,20,390,4,0.11,1,0,0
ORD11937,CUST1381,Home & Kitchen,COD,1400.03,21,1,0,164,35,0.12,1,1,0
ORD11938,CUST1598,Home & Kitchen,COD,1519.61,2,1,20,638,36,0.03,1,0,1
ORD11939,CUST1093,Footwear,Card,6635.21,7,0,10,584,11,0.13,1,0,1
ORD11940,CUST1371,Apparel,Netbanking,3045.11,20,0,20,159,17,0.12,1,0,0
ORD11941,CUST1120,Footwear,Wallet,5037.22,17,0,10,81,34,0.02,1,0,0
ORD11942,CUST1537,Apparel,UPI,1753.39,8,0,0,167,39,0.56,1,0,0
ORD11943,CUST1070,Home & Kitchen,UPI,2807.69,2,1,10,13,18,0.08,1,0,0
ORD11944,CUST1562,Home & Kitchen,Card,1208.89,10,0,20,658,1,0.12,1,0,0
ORD11945,CUST1569,Apparel,COD,7611.96,17,0,0,298,4,0.11,1,0,1
ORD11946,CUST1471,Footwear,Netbanking,1098.82,13,0,20,344,19,0.01,1,0,0
ORD11947,CUST1270,Apparel,UPI,4693.06,14,0,0,651,16,0.09,1,0,1
ORD11948,CUST1272,Home & Kitchen,Wallet,7422.66,12,0,0,638,17,0.2,1,0,0
ORD11949,CUST1307,Home & Kitchen,Wallet,7439.59,12,0,20,463,28,0.65,1,0,0
ORD11950,CUST1597,Beauty,Card,5903.89,3,0,20,327,2,0.13,1,0,0
ORD11951,CUST1536,Electronics,Wallet,725.53,18,1,0,780,23,0.18,1,0,0
ORD11952,CUST1033,Electronics,UPI,3823.75,6,0,0,679,24,0.68,1,3,1
ORD11953,CUST1577,Beauty,COD,4987.96,20,0,0,112,35,0.01,1,1,0
ORD11954,CUST1320,Beauty,Netbanking,5510.08,17,1,0,442,24,0.0,1,0,0
ORD11955,CUST1522,Electronics,Card,6158.27,20,0,0,536,6,0.24,1,0,1
ORD11956,CUST1176,Electronics,COD,1520.83,20,0,30,575,4,0.14,1,0,0
ORD11957,CUST1398,Electronics,Wallet,879.58,6,1,0,498,12,0.02,1,0,0
ORD11958,CUST1162,Electronics,Wallet,7301.84,9,0,10,482,40,0.08,1,0,0
ORD11959,CUST1473,Apparel,Wallet,1366.19,9,0,30,275,28,0.05,3,0,1
ORD11960,CUST1276,Apparel,Card,1598.88,15,0,0,293,22,0.18,1,0,0
ORD11961,CUST1483,Apparel,Wallet,2127.78,15,0,30,490,16,0.06,1,0,0
ORD11962,CUST1234,Beauty,COD,6843.65,2,0,30,642,11,0.22,1,0,0
ORD11963,CUST1538,Home & Kitchen,Wallet,4569.64,20,0,0,89,2,0.6,1,0,1
ORD11964,CUST1360,Electronics,Wallet,4508.14,14,0,0,353,3,0.21,1,0,0
ORD11965,CUST1062,Beauty,COD,1429.48,4,1,0,536,32,0.21,1,1,0
ORD11966,CUST1195,Electronics,UPI,2950.95,22,0,0,25,20,0.04,1,0,0
ORD11967,CUST1407,Beauty,COD,5355.7,17,0,10,789,15,0.07,1,2,0
ORD11968,CUST1115,Home & Kitchen,Wallet,7403.81,15,1,0,165,35,0.06,1,0,0
ORD11969,CUST1118,Electronics,Netbanking,447.08,4,0,30,400,9,0.09,1,0,0
ORD11970,CUST1270,Home & Kitchen,Card,7752.65,7,0,5,651,16,0.09,1,0,0
ORD11971,CUST1208,Electronics,COD,6623.28,16,0,20,551,16,0.11,1,0,0
ORD11972,CUST1399,Footwear,COD,227.4,12,0,30,575,5,0.03,1,0,0
ORD11973,CUST1075,Beauty,UPI,347.9,5,1,5,356,11,0.08,1,0,1
ORD11974,CUST1590,Apparel,UPI,212.76,6,0,0,659,2,0.06,1,0,0
ORD11975,CUST1256,Electronics,UPI,1519.63,7,0,5,32,36,0.18,1,0,0
ORD11976,CUST1496,Apparel,UPI,7159.91,5,0,30,808,36,0.07,2,0,1
ORD11977,CUST1299,Home & Kitchen,Card,4986.12,4,0,0,780,13,0.01,1,0,0
ORD11978,CUST1147,Footwear,Card,5795.06,22,0,10,12,30,0.23,4,0,1
ORD11979,CUST1207,Beauty,Card,4722.24,5,1,5,451,33,0.02,1,0,0
ORD11980,CUST1227,Apparel,Wallet,3804.41,11,0,30,735,39,0.06,1,0,0
ORD11981,CUST1247,Electronics,Netbanking,4667.62,15,1,0,362,7,0.88,1,0,1
ORD11982,CUST1312,Footwear,COD,4691.64,19,0,10,891,2,0.18,1,0,1
ORD11983,CUST1561,Apparel,UPI,1542.81,20,1,10,701,16,0.74,1,0,1
ORD11984,CUST1150,Apparel,Wallet,1126.37,13,0,0,55,9,0.14,1,0,0
ORD11985,CUST1160,Footwear,UPI,760.51,4,1,10,768,19,0.24,1,0,1
ORD11986,CUST1316,Electronics,COD,2779.09,12,0,10,816,9,0.2,1,0,1
ORD11987,CUST1062,Electronics,Netbanking,7302.91,13,0,20,536,32,0.21,1,0,0
ORD11988,CUST1020,Beauty,Netbanking,6015.86,11,0,0,838,39,0.06,1,0,0
ORD11989,CUST1077,Beauty,Wallet,5452.8,16,1,0,100,27,0.21,1,0,0
ORD11990,CUST1258,Home & Kitchen,Card,668.16,11,0,10,461,24,0.89,1,0,1
ORD11991,CUST1225,Beauty,Wallet,2465.07,12,0,10,535,2,0.0,1,0,1
ORD11992,CUST1053,Footwear,Card,6446.97,5,1,5,386,35,0.14,1,0,0
ORD11993,CUST1496,Footwear,COD,907.74,0,0,30,808,36,0.07,2,0,0
ORD11994,CUST1513,Beauty,Netbanking,5173.14,5,0,5,474,23,0.19,1,0,1
ORD11995,CUST1243,Footwear,Wallet,6046.96,2,0,10,855,17,0.13,1,0,0
ORD11996,CUST1124,Home & Kitchen,Card,935.09,18,0,30,704,17,0.11,1,0,1
ORD11997,CUST1526,Electronics,UPI,5073.35,9,1,20,7,2,0.22,1,0,0
ORD11998,CUST1127,Apparel,Netbanking,1541.44,9,0,5,554,9,0.21,1,0,0
ORD11999,CUST1494,Beauty,UPI,2642.18,2,0,0,839,18,0.21,1,1,0
ORD12000,CUST1387,Electronics,UPI,3797.04,20,1,0,30,18,0.2,1,1,1
ORD12001,CUST1393,Footwear,UPI,6390.39,21,0,20,3,6,0.23,1,0,1
ORD12002,CUST1506,Beauty,Wallet,4428.24,3,0,30,300,19,0.64,1,1,0
ORD12003,CUST1364,Footwear,COD,457.56,18,0,10,566,8,0.23,1,0,0
ORD12004,CUST1516,Home & Kitchen,UPI,6718.92,21,0,20,78,34,0.25,1,0,0
ORD12005,CUST1095,Footwear,Wallet,7837.17,8,0,30,757,15,0.06,3,0,1
ORD12006,CUST1361,Apparel,Card,4578.28,10,0,30,436,23,0.1,1,0,1
ORD12007,CUST1206,Beauty,Card,5534.3,12,0,30,684,14,0.07,1,0,0
ORD12008,CUST1217,Home & Kitchen,Card,5377.96,11,1,10,185,20,0.04,1,0,0
ORD12009,CUST1442,Footwear,Card,2810.66,14,1,10,298,20,0.21,1,0,0
ORD12010,CUST1561,Apparel,Card,6714.09,14,0,5,701,16,0.74,1,0,1
ORD12011,CUST1365,Electronics,Netbanking,7641.61,8,0,0,771,13,0.14,1,0,0
ORD12012,CUST1010,Apparel,Card,4330.96,23,0,0,645,12,0.19,1,0,0
ORD12013,CUST1150,Electronics,Wallet,7584.09,9,0,0,55,9,0.14,2,0,1
ORD12014,CUST1020,Apparel,Wallet,1694.49,15,0,0,838,39,0.06,1,0,0
ORD12015,CUST1362,Beauty,Netbanking,567.74,17,0,0,231,16,0.08,1,0,0
ORD12016,CUST1175,Apparel,Wallet,6805.74,4,0,30,128,28,0.24,1,0,1
ORD12017,CUST1114,Footwear,COD,3998.79,16,0,30,39,6,0.63,1,2,1
ORD12018,CUST1023,Apparel,Card,2289.28,14,1,5,844,38,0.12,1,0,1
ORD12019,CUST1091,Footwear,UPI,7159.32,17,0,0,481,6,0.0,1,0,0
ORD12020,CUST1491,Electronics,COD,2050.74,20,0,20,674,25,0.04,1,0,1
ORD12021,CUST1001,Beauty,Card,6048.34,3,1,0,645,39,0.2,1,0,0
ORD12022,CUST1289,Home & Kitchen,Netbanking,7565.82,7,0,20,25,35,0.08,1,0,0
ORD12023,CUST1303,Home & Kitchen,Wallet,5420.19,15,0,10,660,3,0.62,1,0,1
ORD12024,CUST1585,Apparel,UPI,435.48,23,0,0,509,31,0.09,1,0,1
ORD12025,CUST1187,Footwear,UPI,2619.61,5,0,0,339,33,0.13,1,0,0
ORD12026,CUST1157,Electronics,Netbanking,7046.08,12,0,0,473,7,0.16,1,0,0
ORD12027,CUST1088,Electronics,Card,6233.99,18,0,0,350,16,0.07,1,0,0
ORD12028,CUST1082,Footwear,Netbanking,3105.23,22,0,30,177,10,0.25,1,0,1
ORD12029,CUST1218,Apparel,Wallet,6394.92,17,0,0,453,16,0.85,1,0,1
ORD12030,CUST1531,Beauty,Card,2958.28,10,0,20,544,16,0.57,1,0,0
ORD12031,CUST1406,Apparel,COD,3416.6,21,1,10,854,14,0.69,1,0,0
ORD12032,CUST1554,Beauty,COD,5303.0,3,1,30,643,21,0.16,1,0,0
ORD12033,CUST1108,Electronics,Netbanking,7075.22,22,0,30,427,29,0.15,1,0,0
ORD12034,CUST1256,Apparel,Card,2295.62,12,1,30,32,36,0.18,1,0,0
ORD12035,CUST1247,Home & Kitchen,UPI,2049.78,8,0,10,362,7,0.88,1,0,0
ORD12036,CUST1317,Apparel,Card,1173.99,19,0,0,886,14,0.21,1,0,1
ORD12037,CUST1180,Electronics,UPI,5497.03,14,0,10,675,8,0.08,1,0,0
ORD12038,CUST1029,Beauty,Wallet,288.8,1,0,20,35,1,0.76,1,0,1
ORD12039,CUST1062,Electronics,COD,1460.57,2,0,0,536,32,0.21,1,0,1
ORD12040,CUST1511,Apparel,Wallet,466.19,17,1,5,292,1,0.07,1,0,1
ORD12041,CUST1511,Electronics,Wallet,1169.1,15,0,30,292,1,0.07,1,0,1
ORD12042,CUST1593,Beauty,COD,2371.95,23,0,20,69,22,0.17,1,0,1
ORD12043,CUST1119,Electronics,Netbanking,6502.88,4,0,20,562,11,0.11,1,0,0
ORD12044,CUST1242,Footwear,COD,2554.73,6,1,20,562,16,0.08,1,0,0
ORD12045,CUST1117,Home & Kitchen,COD,2844.44,19,0,30,459,39,0.21,1,0,0
ORD12046,CUST1452,Beauty,Card,6788.8,12,0,20,237,39,0.19,1,0,0
ORD12047,CUST1335,Electronics,COD,7173.61,7,0,30,518,20,0.12,1,0,0
ORD12048,CUST1312,Beauty,Netbanking,7354.26,15,0,20,891,2,0.18,1,0,0
ORD12049,CUST1385,Electronics,COD,1617.25,23,1,10,879,16,0.03,1,0,0
ORD12050,CUST1526,Footwear,Wallet,7777.17,23,1,5,7,2,0.22,1,0,0
ORD12051,CUST1042,Home & Kitchen,Netbanking,4541.48,17,0,0,284,10,0.03,1,0,0
ORD12052,CUST1406,Home & Kitchen,Card,2089.37,5,0,0,854,14,0.69,1,0,0
ORD12053,CUST1486,Beauty,UPI,6581.36,22,1,10,641,31,0.17,1,0,0
ORD12054,CUST1339,Apparel,Wallet,1833.71,10,1,30,760,5,0.0,1,0,0
ORD12055,CUST1001,Footwear,UPI,5078.44,7,1,0,645,39,0.2,1,0,0
ORD12056,CUST1583,Electronics,Netbanking,3415.68,10,0,0,269,15,0.08,1,0,0
ORD12057,CUST1438,Apparel,UPI,7747.74,13,1,0,58,5,0.08,1,0,0
ORD12058,CUST1432,Footwear,COD,2104.09,23,1,30,440,34,0.15,1,0,0
ORD12059,CUST1386,Beauty,UPI,4285.45,20,0,10,684,18,0.07,1,0,0
ORD12060,CUST1412,Electronics,Card,6112.6,22,0,20,691,2,0.2,1,0,0
ORD12061,CUST1066,Home & Kitchen,Card,5477.4,4,1,0,577,7,0.12,1,0,0
ORD12062,CUST1155,Electronics,Wallet,2917.63,19,1,5,319,20,0.08,1,0,1
ORD12063,CUST1113,Electronics,COD,4375.92,4,1,20,900,2,0.16,1,0,0
ORD12064,CUST1572,Electronics,Wallet,6601.47,16,1,30,455,9,0.14,1,0,0
ORD12065,CUST1434,Footwear,COD,4663.81,14,1,0,296,10,0.23,1,0,1
ORD12066,CUST1567,Home & Kitchen,Wallet,4312.19,11,0,30,270,30,0.15,1,0,0
ORD12067,CUST1020,Footwear,Card,5404.48,4,0,10,838,39,0.06,1,0,1
ORD12068,CUST1036,Electronics,UPI,5974.88,20,0,0,31,19,0.15,1,0,0
ORD12069,CUST1005,Footwear,UPI,1138.18,2,1,0,532,14,0.16,1,0,1
ORD12070,CUST1256,Electronics,COD,2992.16,13,0,0,32,36,0.18,1,0,1
ORD12071,CUST1181,Footwear,UPI,2925.84,22,0,30,607,40,0.2,1,0,1
ORD12072,CUST1002,Beauty,Netbanking,1607.56,17,0,10,830,40,0.01,1,0,0
ORD12073,CUST1060,Beauty,COD,2092.65,2,0,0,706,28,0.24,1,0,1
ORD12074,CUST1356,Home & Kitchen,Netbanking,4855.13,22,0,0,322,23,0.12,1,0,0
ORD12075,CUST1358,Electronics,Netbanking,5161.47,22,0,30,253,23,0.24,1,0,1
ORD12076,CUST1398,Footwear,COD,3461.43,8,1,5,498,12,0.02,1,0,0
ORD12077,CUST1491,Footwear,UPI,326.24,17,1,10,674,25,0.04,4,0,0
ORD12078,CUST1580,Electronics,Card,3656.07,14,1,30,469,39,0.05,1,0,1
ORD12079,CUST1031,Apparel,Card,2383.63,19,0,30,755,8,0.2,1,0,0
ORD12080,CUST1218,Beauty,Netbanking,411.21,20,1,30,453,16,0.85,1,0,0
ORD12081,CUST1214,Footwear,COD,5689.06,9,0,5,115,38,0.11,1,0,1
ORD12082,CUST1326,Apparel,COD,468.11,21,0,10,127,6,0.09,1,0,0
ORD12083,CUST1377,Electronics,Card,1764.09,3,0,10,748,26,0.14,1,0,0
ORD12084,CUST1545,Beauty,Netbanking,5488.09,0,0,0,669,2,0.07,1,0,0
ORD12085,CUST1226,Footwear,COD,5748.42,14,0,20,570,19,0.12,1,0,0
ORD12086,CUST1578,Footwear,Card,2370.66,14,1,30,810,13,0.21,1,0,1
ORD12087,CUST1047,Home & Kitchen,Wallet,418.94,14,0,30,145,3,0.89,1,0,0
ORD12088,CUST1101,Home & Kitchen,COD,4985.97,17,0,30,375,33,0.07,1,0,0
ORD12089,CUST1338,Apparel,UPI,2219.76,8,1,5,531,37,0.05,1,0,1
ORD12090,CUST1212,Footwear,Netbanking,1966.78,0,0,5,675,30,0.2,1,0,0
ORD12091,CUST1009,Beauty,Netbanking,7203.14,14,1,5,215,3,0.12,1,0,0
ORD12092,CUST1108,Beauty,COD,5459.56,9,0,0,427,29,0.15,1,0,0
ORD12093,CUST1484,Beauty,UPI,7224.42,13,0,0,26,8,0.19,2,0,0
ORD12094,CUST1402,Home & Kitchen,Wallet,3966.92,18,1,20,628,20,0.23,1,2,0
ORD12095,CUST1226,Apparel,Card,1953.22,21,0,10,570,19,0.12,1,0,1
ORD12096,CUST1460,Electronics,Card,3831.93,1,1,20,81,7,0.11,1,0,0
ORD12097,CUST1197,Electronics,Wallet,3700.52,20,1,20,322,19,0.08,1,0,0
ORD12098,CUST1273,Footwear,COD,7932.44,8,0,5,237,11,0.24,1,0,0
ORD12099,CUST1007,Beauty,Card,2227.36,11,0,5,323,14,0.13,1,0,1
ORD12100,CUST1503,Electronics,Card,5313.12,10,0,0,396,4,0.2,1,0,0
ORD12101,CUST1220,Home & Kitchen,Card,4949.14,4,0,0,436,2,0.17,1,0,0
ORD12102,CUST1548,Electronics,Card,1607.34,1,1,0,591,36,0.22,1,0,0
ORD12103,CUST1238,Beauty,Netbanking,1397.53,5,0,10,741,7,0.01,1,0,0
ORD12104,CUST1377,Apparel,Wallet,2594.94,15,1,20,748,26,0.14,1,0,0
ORD12105,CUST1163,Footwear,Card,6288.67,22,0,10,97,8,0.17,1,0,0
ORD12106,CUST1361,Home & Kitchen,Netbanking,1191.26,12,0,30,436,23,0.1,1,0,0
ORD12107,CUST1295,Footwear,Netbanking,4539.32,12,0,20,286,4,0.23,1,0,1
ORD12108,CUST1076,Home & Kitchen,Wallet,1086.3,18,0,10,200,6,0.03,1,0,0
ORD12109,CUST1112,Beauty,Wallet,6764.31,19,0,0,286,15,0.05,1,0,0
ORD12110,CUST1597,Home & Kitchen,Wallet,5421.3,7,0,30,327,2,0.13,1,0,0
ORD12111,CUST1389,Apparel,Card,4758.5,1,1,5,548,37,0.19,1,0,1
ORD12112,CUST1502,Footwear,Card,2362.98,18,0,5,332,2,0.15,1,3,1
ORD12113,CUST1367,Beauty,Wallet,2901.16,21,0,30,452,8,0.09,1,0,0
ORD12114,CUST1083,Electronics,COD,994.81,5,0,5,698,29,0.02,1,0,0
ORD12115,CUST1184,Electronics,COD,3745.7,5,1,30,688,9,0.1,1,0,1
ORD12116,CUST1376,Apparel,Card,6296.15,23,0,10,721,25,0.08,1,0,1
ORD12117,CUST1086,Home & Kitchen,Netbanking,5431.69,15,0,30,620,10,0.02,1,0,0
ORD12118,CUST1030,Home & Kitchen,COD,1776.13,9,0,0,140,4,0.58,1,0,1
ORD12119,CUST1178,Apparel,COD,1029.68,10,1,0,373,15,0.19,1,0,0
ORD12120,CUST1545,Apparel,COD,7455.36,1,0,5,669,2,0.07,1,0,1
ORD12121,CUST1024,Home & Kitchen,Wallet,6923.26,0,1,20,130,14,0.12,1,0,0
ORD12122,CUST1475,Beauty,COD,3051.3,16,0,0,753,30,0.16,1,0,0
ORD12123,CUST1260,Footwear,COD,3559.79,20,1,0,277,14,0.06,2,0,1
ORD12124,CUST1446,Home & Kitchen,Card,1834.8,14,0,30,483,39,0.17,1,0,0
ORD12125,CUST1379,Home & Kitchen,Netbanking,7908.79,6,1,0,424,33,0.11,1,0,0
ORD12126,CUST1284,Beauty,Card,5490.26,8,0,30,687,5,0.0,1,0,0
ORD12127,CUST1476,Electronics,Netbanking,7795.51,13,0,5,517,25,0.22,1,0,0
ORD12128,CUST1546,Beauty,Wallet,1364.09,17,1,20,102,11,0.16,1,0,0
ORD12129,CUST1285,Electronics,COD,3189.41,22,1,10,889,26,0.12,1,0,0
ORD12130,CUST1000,Electronics,COD,417.4,9,0,0,477,28,0.13,1,0,1
ORD12131,CUST1028,Electronics,COD,7840.18,15,0,10,144,37,0.01,1,0,0
ORD12132,CUST1096,Home & Kitchen,COD,2470.17,16,1,20,385,0,0.02,1,2,0
ORD12133,CUST1421,Home & Kitchen,Card,7580.92,2,0,20,892,4,0.25,1,0,0
ORD12134,CUST1499,Beauty,UPI,1217.38,9,0,10,364,38,0.18,1,0,0
ORD12135,CUST1098,Home & Kitchen,Wallet,5826.2,4,0,0,829,4,0.14,1,0,0
ORD12136,CUST1076,Apparel,Wallet,4029.9,14,0,20,200,6,0.03,1,0,1
ORD12137,CUST1557,Footwear,Card,3396.51,16,0,30,801,29,0.13,1,0,0
ORD12138,CUST1411,Footwear,UPI,2511.94,13,1,0,189,19,0.06,1,0,1
ORD12139,CUST1277,Electronics,COD,4186.96,5,0,20,28,34,0.21,1,1,0
ORD12140,CUST1596,Beauty,UPI,941.54,7,0,5,767,38,0.74,1,0,1
ORD12141,CUST1220,Electronics,COD,3243.61,0,0,5,436,2,0.17,1,0,0
ORD12142,CUST1155,Electronics,COD,4714.12,12,1,0,319,20,0.08,1,0,0
ORD12143,CUST1080,Apparel,Card,3862.52,8,1,20,703,12,0.2,1,0,0
ORD12144,CUST1284,Electronics,Netbanking,891.26,0,1,20,687,5,0.0,1,0,1
ORD12145,CUST1580,Apparel,COD,459.23,15,0,0,469,39,0.05,1,0,1
ORD12146,CUST1584,Footwear,UPI,1981.87,7,0,5,475,4,0.03,2,0,0
ORD12147,CUST1471,Beauty,Wallet,5286.56,23,1,30,344,19,0.01,1,0,0
ORD12148,CUST1284,Electronics,UPI,3741.81,16,0,0,687,5,0.0,1,0,0
ORD12149,CUST1356,Home & Kitchen,UPI,2487.28,23,0,5,322,23,0.12,1,0,0
ORD12150,CUST1498,Electronics,Wallet,5816.0,16,0,30,442,11,0.21,1,0,0
ORD12151,CUST1585,Apparel,Card,4861.94,13,1,30,509,31,0.09,1,0,0
ORD12152,CUST1461,Beauty,Wallet,7691.48,23,1,20,829,32,0.23,1,0,1
ORD12153,CUST1102,Beauty,COD,3552.04,5,0,0,734,18,0.01,1,0,0
ORD12154,CUST1404,Apparel,Netbanking,3335.72,7,0,0,33,9,0.21,1,3,1
ORD12155,CUST1574,Apparel,Card,2595.42,21,0,0,4,10,0.12,1,0,0
ORD12156,CUST1385,Footwear,COD,3399.5,17,0,10,879,16,0.03,1,0,1
ORD12157,CUST1369,Beauty,COD,5699.07,13,0,5,730,7,0.18,1,0,0
ORD12158,CUST1025,Electronics,UPI,7969.6,2,1,20,218,13,0.19,1,0,0
ORD12159,CUST1097,Home & Kitchen,Netbanking,4970.57,18,0,20,521,26,0.24,1,0,0
ORD12160,CUST1115,Footwear,UPI,5718.91,8,0,10,165,35,0.06,1,0,0
ORD12161,CUST1205,Home & Kitchen,Card,5172.81,2,0,5,537,7,0.15,1,0,1
ORD12162,CUST1250,Electronics,Card,2848.22,23,1,0,787,10,0.09,1,0,0
ORD12163,CUST1468,Home & Kitchen,Netbanking,7937.92,0,0,10,48,5,0.18,1,0,1
ORD12164,CUST1277,Electronics,COD,3660.78,19,1,0,28,34,0.21,1,0,0
ORD12165,CUST1287,Electronics,Card,6277.12,10,1,5,298,15,0.25,1,0,0
ORD12166,CUST1090,Home & Kitchen,Wallet,955.44,22,1,5,784,11,0.1,1,0,0
ORD12167,CUST1564,Beauty,Netbanking,985.55,13,0,5,124,23,0.17,1,0,0
ORD12168,CUST1420,Apparel,Wallet,1337.26,3,0,0,870,29,0.09,1,0,0
ORD12169,CUST1052,Home & Kitchen,COD,1240.89,2,0,5,740,24,0.03,1,0,0
ORD12170,CUST1121,Apparel,Wallet,2648.16,6,1,30,307,0,0.02,1,0,0
ORD12171,CUST1528,Electronics,Netbanking,3393.62,7,0,30,277,12,0.17,1,0,0
ORD12172,CUST1537,Electronics,Netbanking,4556.72,3,0,5,167,39,0.56,1,0,0
ORD12173,CUST1050,Footwear,Card,3843.57,14,0,0,798,22,0.13,2,0,1
ORD12174,CUST1240,Footwear,Wallet,2328.45,17,0,10,623,15,0.12,1,0,0
ORD12175,CUST1278,Footwear,Card,4053.83,19,1,30,891,18,0.06,1,0,0
ORD12176,CUST1022,Apparel,Netbanking,7532.8,14,1,20,40,32,0.24,1,0,0
ORD12177,CUST1447,Footwear,COD,2674.54,17,0,30,684,10,0.03,1,0,0
ORD12178,CUST1447,Home & Kitchen,Netbanking,4727.12,13,0,30,684,10,0.03,1,0,0
ORD12179,CUST1268,Apparel,COD,4705.18,5,1,20,525,30,0.01,1,0,1
ORD12180,CUST1542,Footwear,UPI,4817.25,14,0,20,315,2,0.25,1,3,1
ORD12181,CUST1035,Beauty,UPI,5449.15,14,1,10,595,29,0.11,1,0,0
ORD12182,CUST1222,Home & Kitchen,UPI,2156.99,12,0,30,255,10,0.12,1,0,0
ORD12183,CUST1229,Apparel,UPI,1811.04,2,0,30,626,13,0.01,1,0,0
ORD12184,CUST1585,Home & Kitchen,UPI,6825.75,3,1,10,509,31,0.09,1,0,0
ORD12185,CUST1472,Home & Kitchen,Wallet,6440.92,10,1,5,757,25,0.22,1,0,0
ORD12186,CUST1114,Footwear,COD,6094.72,13,1,10,39,6,0.63,1,3,1
ORD12187,CUST1221,Electronics,Netbanking,1536.47,2,0,20,784,37,0.12,1,0,0
ORD12188,CUST1347,Footwear,Wallet,2529.73,16,1,0,627,7,0.1,1,0,0
ORD12189,CUST1525,Beauty,Netbanking,590.11,4,1,30,330,16,0.23,1,0,0
ORD12190,CUST1272,Electronics,COD,883.59,13,1,0,638,17,0.2,1,0,1
ORD12191,CUST1478,Electronics,Wallet,3627.79,16,0,5,232,38,0.19,1,0,1
ORD12192,CUST1469,Home & Kitchen,COD,3084.88,0,0,0,18,24,0.02,1,0,0
ORD12193,CUST1538,Footwear,UPI,1157.55,18,0,10,89,2,0.6,1,0,0
ORD12194,CUST1234,Home & Kitchen,COD,5726.8,0,0,0,642,11,0.22,1,0,0
ORD12195,CUST1151,Home & Kitchen,Card,3329.83,10,1,30,153,8,0.02,1,0,0
ORD12196,CUST1029,Apparel,Card,6850.21,11,0,0,35,1,0.76,1,0,1
ORD12197,CUST1539,Footwear,Card,3407.99,0,1,30,607,7,0.06,1,0,0
ORD12198,CUST1137,Electronics,UPI,6827.73,18,0,5,431,9,0.06,1,0,0
ORD12199,CUST1448,Home & Kitchen,Wallet,1454.45,16,0,5,191,39,0.17,1,0,0
ORD12200,CUST1281,Apparel,UPI,5890.71,11,0,20,444,7,0.04,1,0,0
ORD12201,CUST1240,Footwear,Netbanking,316.81,16,0,20,623,15,0.12,1,0,0
ORD12202,CUST1173,Home & Kitchen,Wallet,492.88,10,0,30,28,40,0.16,1,0,1
ORD12203,CUST1489,Apparel,Netbanking,2874.14,9,1,20,308,34,0.17,1,0,0
ORD12204,CUST1483,Beauty,Netbanking,6398.88,7,0,20,490,16,0.06,1,0,0
ORD12205,CUST1576,Footwear,UPI,447.34,9,0,5,53,18,0.23,1,0,0
ORD12206,CUST1330,Footwear,Wallet,990.55,14,1,0,275,18,0.17,1,0,1
ORD12207,CUST1406,Footwear,COD,544.17,10,1,0,854,14,0.69,1,0,0
ORD12208,CUST1282,Beauty,COD,1303.22,13,0,30,281,40,0.1,1,2,0
ORD12209,CUST1331,Electronics,Card,2099.33,22,0,0,384,8,0.76,1,1,1
ORD12210,CUST1582,Beauty,Netbanking,2945.69,2,0,30,291,15,0.04,1,0,0
ORD12211,CUST1161,Footwear,Wallet,2732.39,17,0,10,194,12,0.09,1,0,0
ORD12212,CUST1163,Home & Kitchen,COD,2925.8,21,1,10,97,8,0.17,1,0,0
ORD12213,CUST1306,Electronics,UPI,5690.78,8,1,20,385,38,0.14,1,0,0
ORD12214,CUST1039,Footwear,Wallet,4001.72,23,0,0,453,31,0.22,1,0,0
ORD12215,CUST1485,Electronics,COD,433.76,1,0,5,23,17,0.19,1,0,0
ORD12216,CUST1044,Beauty,Card,5226.09,23,1,0,640,28,0.08,1,0,0
ORD12217,CUST1587,Home & Kitchen,Wallet,7536.85,8,1,0,789,38,0.2,1,0,1
ORD12218,CUST1270,Footwear,Card,7743.36,8,0,0,651,16,0.09,1,0,0
ORD12219,CUST1419,Footwear,Card,791.47,7,0,10,732,20,0.24,1,0,0
ORD12220,CUST1412,Footwear,Netbanking,6655.96,10,0,30,691,2,0.2,1,0,0
ORD12221,CUST1496,Beauty,Card,6073.82,8,1,0,808,36,0.07,1,0,0
ORD12222,CUST1330,Beauty,Wallet,3054.82,14,0,0,275,18,0.17,1,0,0
ORD12223,CUST1577,Beauty,Card,4352.61,22,1,0,112,35,0.01,1,0,0
ORD12224,CUST1546,Footwear,Wallet,4129.22,0,0,30,102,11,0.16,1,0,0
ORD12225,CUST1297,Apparel,UPI,4732.24,4,0,0,182,22,0.03,1,0,0
ORD12226,CUST1584,Electronics,Wallet,582.99,1,1,20,475,4,0.03,1,0,1
ORD12227,CUST1293,Home & Kitchen,COD,5198.61,0,0,0,639,1,0.0,1,0,0
ORD12228,CUST1192,Apparel,COD,6419.81,23,0,30,749,23,0.22,1,0,1
ORD12229,CUST1139,Home & Kitchen,COD,1468.84,20,1,0,483,19,0.18,1,0,0
ORD12230,CUST1011,Electronics,Wallet,309.07,17,0,0,420,7,0.03,1,0,0
ORD12231,CUST1445,Footwear,Netbanking,2675.9,23,0,30,311,15,0.01,1,0,0
ORD12232,CUST1168,Beauty,COD,2681.17,14,0,20,808,15,0.17,1,0,0
ORD12233,CUST1511,Home & Kitchen,Wallet,6099.67,1,0,0,292,1,0.07,1,0,0
ORD12234,CUST1142,Footwear,Netbanking,614.55,17,1,0,521,14,0.11,1,0,1
ORD12235,CUST1499,Apparel,COD,1694.52,15,0,5,364,38,0.18,1,0,0
ORD12236,CUST1328,Apparel,Card,1574.94,12,0,10,466,14,0.23,1,0,0
ORD12237,CUST1529,Footwear,UPI,793.61,15,0,0,297,7,0.89,1,0,1
ORD12238,CUST1185,Electronics,UPI,2949.84,20,0,20,639,36,0.19,1,0,0
ORD12239,CUST1016,Apparel,Card,7320.93,18,0,5,44,9,0.05,1,0,0
ORD12240,CUST1054,Electronics,UPI,4429.77,6,0,10,475,20,0.16,1,0,1
ORD12241,CUST1051,Footwear,COD,338.2,9,0,30,164,25,0.21,1,0,1
ORD12242,CUST1088,Home & Kitchen,UPI,5189.42,11,0,0,350,16,0.07,1,0,1
ORD12243,CUST1176,Apparel,Wallet,4189.53,8,1,30,575,4,0.14,1,0,0
ORD12244,CUST1174,Electronics,COD,6776.88,16,1,5,428,21,0.08,1,0,0
ORD12245,CUST1097,Apparel,Netbanking,4165.73,8,0,20,521,26,0.24,1,0,1
ORD12246,CUST1435,Footwear,UPI,529.14,23,0,0,719,21,0.07,1,0,0
ORD12247,CUST1039,Home & Kitchen,Netbanking,6304.71,13,0,30,453,31,0.22,2,0,0
ORD12248,CUST1497,Home & Kitchen,Wallet,489.43,11,0,5,617,39,0.08,1,0,0
ORD12249,CUST1316,Electronics,UPI,5324.49,12,1,10,816,9,0.2,1,0,1
ORD12250,CUST1504,Home & Kitchen,COD,2572.94,3,0,5,568,17,0.01,1,0,0
ORD12251,CUST1071,Home & Kitchen,Netbanking,2175.41,14,0,0,749,37,0.03,1,0,0
ORD12252,CUST1122,Apparel,Netbanking,3433.84,5,0,30,312,31,0.18,1,0,1
ORD12253,CUST1422,Footwear,UPI,4560.68,14,0,5,329,11,0.15,1,0,0
ORD12254,CUST1545,Footwear,Netbanking,5215.99,2,0,0,669,2,0.07,1,0,1
ORD12255,CUST1077,Electronics,Card,1521.1,21,0,0,100,27,0.21,1,1,0
ORD12256,CUST1319,Home & Kitchen,Card,266.77,12,1,5,546,40,0.08,1,0,0
ORD12257,CUST1413,Footwear,Wallet,1740.07,20,1,0,251,28,0.05,1,0,0
ORD12258,CUST1468,Apparel,COD,4876.87,1,0,0,48,5,0.18,1,0,1
ORD12259,CUST1438,Home & Kitchen,UPI,3213.06,8,0,5,58,5,0.08,1,0,0
ORD12260,CUST1460,Apparel,Netbanking,6477.42,18,0,0,81,7,0.11,1,0,0
ORD12261,CUST1383,Beauty,Wallet,5155.5,18,0,30,548,39,0.09,1,0,0
ORD12262,CUST1168,Home & Kitchen,UPI,1282.28,20,0,20,808,15,0.17,1,0,0
ORD12263,CUST1246,Electronics,Wallet,5068.89,5,1,0,761,19,0.17,1,0,0
ORD12264,CUST1486,Electronics,COD,4392.77,1,0,10,641,31,0.17,1,0,0
ORD12265,CUST1545,Apparel,COD,272.95,1,1,10,669,2,0.07,1,0,0
ORD12266,CUST1474,Home & Kitchen,Card,5882.26,0,0,0,217,39,0.01,1,0,0
ORD12267,CUST1112,Apparel,Netbanking,1475.64,0,0,20,286,15,0.05,1,0,0
ORD12268,CUST1012,Apparel,Wallet,6568.76,14,1,5,499,11,0.17,1,0,0
ORD12269,CUST1551,Apparel,Card,3589.13,11,0,10,399,12,0.07,1,0,0
ORD12270,CUST1455,Apparel,UPI,3606.81,21,0,10,476,3,0.08,1,0,0
ORD12271,CUST1467,Electronics,UPI,3028.04,10,1,10,587,15,0.1,1,0,1
ORD12272,CUST1306,Beauty,Netbanking,1680.49,22,0,30,385,38,0.14,1,0,0
ORD12273,CUST1212,Footwear,Netbanking,6629.33,16,0,10,675,30,0.2,1,0,1
ORD12274,CUST1206,Footwear,UPI,5987.15,5,0,10,684,14,0.07,1,0,0
ORD12275,CUST1428,Apparel,UPI,3326.88,13,0,20,217,1,0.01,1,0,1
ORD12276,CUST1026,Electronics,UPI,4858.61,18,0,0,48,11,0.65,1,0,1
ORD12277,CUST1127,Electronics,UPI,6101.39,23,0,30,554,9,0.21,1,0,0
ORD12278,CUST1346,Electronics,Card,6321.2,0,0,5,107,32,0.04,1,0,0
ORD12279,CUST1116,Apparel,UPI,5621.72,19,1,30,347,21,0.12,1,0,1
ORD12280,CUST1588,Footwear,Netbanking,2586.3,19,0,0,384,26,0.2,1,0,0
ORD12281,CUST1344,Electronics,Card,817.76,4,0,10,525,19,0.07,1,0,0
ORD12282,CUST1197,Footwear,COD,4816.22,5,0,10,322,19,0.08,1,0,1
ORD12283,CUST1115,Apparel,COD,7996.08,4,0,30,165,35,0.06,2,0,0
ORD12284,CUST1237,Beauty,UPI,6973.09,8,1,5,370,3,0.04,1,0,0
ORD12285,CUST1290,Electronics,UPI,1320.72,22,0,0,374,0,0.19,1,0,1
ORD12286,CUST1472,Footwear,UPI,2778.54,9,0,5,757,25,0.22,1,0,0
ORD12287,CUST1481,Home & Kitchen,Card,918.16,4,0,0,445,3,0.12,1,0,1
ORD12288,CUST1073,Electronics,Card,7368.44,9,0,10,552,13,0.22,1,0,0
ORD12289,CUST1104,Electronics,COD,3669.63,5,1,30,741,20,0.02,1,0,1
ORD12290,CUST1104,Apparel,Card,2041.21,5,0,30,741,20,0.02,1,0,0
ORD12291,CUST1163,Apparel,Wallet,3532.29,23,0,0,97,8,0.17,1,0,1
ORD12292,CUST1449,Footwear,Wallet,4755.8,18,0,0,129,3,0.11,1,0,1
ORD12293,CUST1006,Home & Kitchen,Netbanking,6272.53,5,1,5,285,26,0.25,1,0,0
ORD12294,CUST1228,Home & Kitchen,UPI,6277.72,14,0,5,473,5,0.23,1,0,1
ORD12295,CUST1099,Beauty,COD,7006.27,3,0,20,164,24,0.12,1,0,0
ORD12296,CUST1379,Home & Kitchen,Netbanking,4368.27,7,0,30,424,33,0.11,1,0,0
ORD12297,CUST1535,Apparel,UPI,7657.46,5,0,20,195,24,0.71,1,0,0
ORD12298,CUST1188,Home & Kitchen,UPI,5646.09,22,0,0,304,39,0.23,1,0,0
ORD12299,CUST1382,Footwear,Netbanking,4667.11,13,1,5,366,19,0.02,1,0,1
ORD12300,CUST1048,Footwear,Netbanking,7488.88,18,0,30,656,23,0.24,1,0,0
ORD12301,CUST1097,Electronics,Wallet,6691.1,17,1,5,521,26,0.24,1,0,1
ORD12302,CUST1345,Apparel,COD,3495.8,18,0,5,56,13,0.15,1,0,1
ORD12303,CUST1006,Home & Kitchen,UPI,1216.05,5,1,0,285,26,0.25,1,0,1
ORD12304,CUST1066,Beauty,UPI,3891.92,4,0,0,577,7,0.12,1,0,0
ORD12305,CUST1042,Footwear,UPI,7382.96,3,0,30,284,10,0.03,1,0,1
ORD12306,CUST1306,Beauty,UPI,5617.1,23,0,20,385,38,0.14,1,0,0
ORD12307,CUST1309,Electronics,Card,2667.92,19,1,10,481,35,0.1,1,0,0
ORD12308,CUST1517,Electronics,COD,3180.54,11,0,0,655,7,0.71,1,0,1
ORD12309,CUST1421,Apparel,Card,2185.52,1,1,30,892,4,0.25,1,2,1
ORD12310,CUST1407,Electronics,Card,6483.09,10,1,10,789,15,0.07,1,0,1
ORD12311,CUST1041,Beauty,COD,3260.98,0,0,0,140,8,0.12,1,0,0
ORD12312,CUST1417,Apparel,Wallet,1590.26,11,1,30,390,4,0.11,4,2,1
ORD12313,CUST1052,Beauty,Netbanking,5291.34,23,0,10,740,24,0.03,1,0,0
ORD12314,CUST1305,Apparel,Netbanking,7566.39,11,0,10,707,29,0.11,1,0,0
ORD12315,CUST1461,Electronics,COD,4752.03,0,1,0,829,32,0.23,1,0,0
ORD12316,CUST1531,Apparel,Netbanking,7340.48,15,0,10,544,16,0.57,1,0,1
ORD12317,CUST1392,Electronics,COD,244.15,7,0,30,564,7,0.14,1,0,0
ORD12318,CUST1227,Home & Kitchen,COD,5745.8,5,0,20,735,39,0.06,1,0,0
ORD12319,CUST1045,Electronics,UPI,4979.18,12,0,10,695,17,0.14,1,0,1
ORD12320,CUST1568,Apparel,Netbanking,1358.47,8,0,30,135,23,0.15,1,0,0
ORD12321,CUST1485,Electronics,Card,6912.57,13,1,10,23,17,0.19,1,0,1
ORD12322,CUST1539,Home & Kitchen,UPI,3528.82,19,0,5,607,7,0.06,1,0,0
ORD12323,CUST1371,Apparel,UPI,4681.92,16,0,0,159,17,0.12,1,0,1
ORD12324,CUST1568,Electronics,UPI,4763.56,19,1,10,135,23,0.15,1,0,0
ORD12325,CUST1071,Apparel,Netbanking,1173.17,14,0,20,749,37,0.03,1,0,0
ORD12326,CUST1074,Home & Kitchen,Card,2646.08,9,1,10,556,39,0.15,1,0,0
ORD12327,CUST1566,Beauty,Card,1874.07,10,0,20,793,18,0.16,1,0,1
ORD12328,CUST1204,Apparel,Card,4176.89,21,0,5,738,15,0.13,1,0,1
ORD12329,CUST1216,Beauty,Netbanking,4215.0,7,0,0,268,2,0.05,1,0,0
ORD12330,CUST1038,Beauty,Wallet,3763.18,18,0,0,147,39,0.05,1,0,0
ORD12331,CUST1341,Beauty,Netbanking,3133.66,4,0,0,881,23,0.24,1,2,0
ORD12332,CUST1322,Beauty,Card,7325.94,4,0,20,595,29,0.01,1,0,0
ORD12333,CUST1589,Home & Kitchen,COD,4591.93,22,1,5,575,17,0.2,1,0,0
ORD12334,CUST1097,Beauty,Wallet,3321.25,15,0,0,521,26,0.24,1,0,0
ORD12335,CUST1448,Footwear,Card,4911.9,2,0,10,191,39,0.17,1,0,1
ORD12336,CUST1132,Apparel,UPI,2983.25,21,1,5,252,14,0.12,1,0,0
ORD12337,CUST1509,Home & Kitchen,Card,5920.25,16,0,5,709,32,0.06,1,0,0
ORD12338,CUST1520,Home & Kitchen,Wallet,2277.76,17,0,5,592,40,0.15,1,0,0
ORD12339,CUST1157,Apparel,Wallet,6704.73,18,0,30,473,7,0.16,1,0,1
ORD12340,CUST1531,Apparel,UPI,5164.2,12,1,0,544,16,0.57,1,0,1
ORD12341,CUST1491,Beauty,Card,6564.41,3,0,0,674,25,0.04,1,0,0
ORD12342,CUST1385,Home & Kitchen,UPI,3383.81,12,1,5,879,16,0.03,1,0,0
ORD12343,CUST1326,Home & Kitchen,COD,3463.22,9,0,20,127,6,0.09,1,0,0
ORD12344,CUST1415,Electronics,Wallet,1746.08,6,0,0,809,14,0.08,1,0,0
ORD12345,CUST1490,Apparel,Wallet,4197.46,3,0,0,281,9,0.09,1,0,0
ORD12346,CUST1359,Beauty,Card,3800.58,9,0,30,781,37,0.01,1,0,0
ORD12347,CUST1029,Footwear,Wallet,2521.67,11,0,5,35,1,0.76,1,0,0
ORD12348,CUST1246,Home & Kitchen,UPI,4565.64,11,0,30,761,19,0.17,1,0,0
ORD12349,CUST1529,Apparel,Netbanking,1770.87,9,0,5,297,7,0.89,1,0,0
ORD12350,CUST1097,Footwear,UPI,3096.13,6,0,5,521,26,0.24,1,0,0
ORD12351,CUST1504,Apparel,Card,4389.7,9,0,0,568,17,0.01,1,0,0
ORD12352,CUST1039,Beauty,Netbanking,6821.84,21,0,20,453,31,0.22,1,0,0
ORD12353,CUST1182,Footwear,Card,4669.62,16,1,10,147,33,0.69,1,0,0
ORD12354,CUST1288,Home & Kitchen,UPI,5467.33,1,0,20,181,1,0.24,1,0,0
ORD12355,CUST1129,Footwear,Netbanking,1790.15,8,0,10,303,1,0.16,4,0,0
ORD12356,CUST1362,Footwear,COD,2595.25,21,0,0,231,16,0.08,1,0,0
ORD12357,CUST1438,Apparel,Card,6036.44,18,0,0,58,5,0.08,1,0,0
ORD12358,CUST1077,Apparel,Wallet,5183.07,21,0,0,100,27,0.21,2,0,0
ORD12359,CUST1551,Home & Kitchen,COD,5630.85,13,0,10,399,12,0.07,1,0,0
ORD12360,CUST1449,Beauty,Card,3643.06,3,0,0,129,3,0.11,1,0,1
ORD12361,CUST1588,Apparel,Netbanking,7768.98,1,1,5,384,26,0.2,1,0,1
ORD12362,CUST1581,Electronics,Wallet,5571.07,19,1,30,42,32,0.63,1,0,1
ORD12363,CUST1073,Beauty,UPI,5008.48,9,0,30,552,13,0.22,1,0,0
ORD12364,CUST1240,Home & Kitchen,Wallet,1414.53,19,0,10,623,15,0.12,1,0,0
ORD12365,CUST1175,Footwear,UPI,943.02,11,1,30,128,28,0.24,1,0,0
ORD12366,CUST1591,Footwear,UPI,7918.48,3,0,0,310,37,0.09,1,0,0
ORD12367,CUST1204,Beauty,COD,7369.61,4,1,30,738,15,0.13,1,0,0
ORD12368,CUST1162,Apparel,Netbanking,4269.75,1,0,10,482,40,0.08,1,0,0
ORD12369,CUST1554,Electronics,COD,7617.23,1,0,30,643,21,0.16,1,0,0
ORD12370,CUST1241,Footwear,Netbanking,1045.14,7,0,30,214,19,0.1,1,0,1
ORD12371,CUST1064,Apparel,Netbanking,391.41,1,0,0,587,31,0.05,1,0,0
ORD12372,CUST1250,Electronics,UPI,5012.51,11,1,0,787,10,0.09,1,0,0
ORD12373,CUST1040,Footwear,COD,6043.29,0,0,10,442,12,0.22,1,0,0
ORD12374,CUST1180,Apparel,Card,1932.75,9,0,10,675,8,0.08,1,0,0
ORD12375,CUST1214,Footwear,Wallet,327.93,2,1,30,115,38,0.11,1,0,0
ORD12376,CUST1127,Apparel,Card,7531.98,9,0,20,554,9,0.21,1,1,0
ORD12377,CUST1134,Home & Kitchen,UPI,2971.9,21,0,30,825,4,0.18,1,0,0
ORD12378,CUST1279,Apparel,COD,7744.82,20,0,20,591,24,0.17,1,0,1
ORD12379,CUST1126,Home & Kitchen,COD,3926.01,7,0,0,406,37,0.1,1,0,0
ORD12380,CUST1341,Electronics,COD,3276.18,16,0,30,881,23,0.24,1,3,0
ORD12381,CUST1225,Electronics,Netbanking,3112.34,16,0,0,535,2,0.0,1,0,0
ORD12382,CUST1485,Footwear,UPI,2142.81,9,0,20,23,17,0.19,1,0,0
ORD12383,CUST1044,Electronics,Netbanking,6035.53,1,0,0,640,28,0.08,1,0,1
ORD12384,CUST1365,Home & Kitchen,UPI,5516.46,6,0,10,771,13,0.14,1,0,0
ORD12385,CUST1223,Home & Kitchen,COD,1512.7,18,1,0,324,26,0.12,2,0,0
ORD12386,CUST1083,Beauty,Netbanking,1449.23,6,0,5,698,29,0.02,1,0,0
ORD12387,CUST1040,Home & Kitchen,Card,5194.1,21,0,20,442,12,0.22,1,0,1
ORD12388,CUST1397,Apparel,COD,1262.98,14,0,30,363,39,0.12,1,0,1
ORD12389,CUST1398,Beauty,Netbanking,2606.39,16,0,0,498,12,0.02,1,0,0
ORD12390,CUST1414,Beauty,Wallet,6363.75,11,0,5,366,4,0.23,1,0,1
ORD12391,CUST1562,Home & Kitchen,Card,6418.53,6,0,20,658,1,0.12,1,0,0
ORD12392,CUST1152,Beauty,COD,6735.23,2,0,10,492,29,0.02,1,0,0
ORD12393,CUST1420,Home & Kitchen,Netbanking,3740.4,2,0,10,870,29,0.09,1,0,0
ORD12394,CUST1178,Footwear,UPI,2514.07,16,1,0,373,15,0.19,1,0,0
ORD12395,CUST1539,Beauty,UPI,2141.47,20,0,20,607,7,0.06,1,0,0
ORD12396,CUST1281,Electronics,Netbanking,2495.72,18,1,0,444,7,0.04,1,0,1
ORD12397,CUST1328,Home & Kitchen,Card,2435.34,7,0,10,466,14,0.23,1,0,1
ORD12398,CUST1070,Home & Kitchen,Wallet,5657.93,13,0,0,13,18,0.08,1,0,0
ORD12399,CUST1594,Electronics,COD,778.32,3,1,10,826,17,0.08,1,0,0
ORD12400,CUST1192,Home & Kitchen,Wallet,2033.63,0,0,30,749,23,0.22,1,0,0
ORD12401,CUST1136,Electronics,UPI,6960.29,21,0,30,555,40,0.01,1,0,1
ORD12402,CUST1297,Beauty,Netbanking,1932.81,10,0,5,182,22,0.03,1,0,0
ORD12403,CUST1176,Footwear,COD,2766.17,0,0,20,575,4,0.14,1,0,1
ORD12404,CUST1497,Apparel,Wallet,6521.43,18,0,30,617,39,0.08,1,0,0
ORD12405,CUST1597,Electronics,Wallet,2132.86,13,1,0,327,2,0.13,1,0,0
ORD12406,CUST1120,Footwear,Wallet,1486.78,13,0,0,81,34,0.02,1,0,0
ORD12407,CUST1294,Footwear,Netbanking,6327.58,20,0,0,519,17,0.2,1,0,1
ORD12408,CUST1426,Beauty,COD,3052.71,7,1,0,196,9,0.24,1,0,1
ORD12409,CUST1149,Electronics,Wallet,3025.5,17,1,5,830,33,0.03,1,0,0
ORD12410,CUST1083,Electronics,Card,4287.51,1,1,10,698,29,0.02,1,0,1
ORD12411,CUST1345,Electronics,COD,7134.8,13,0,10,56,13,0.15,1,0,0
ORD12412,CUST1196,Beauty,COD,7703.06,15,0,5,145,22,0.17,1,0,0
ORD12413,CUST1560,Electronics,Netbanking,5112.15,22,0,0,60,23,0.02,1,0,0
ORD12414,CUST1290,Beauty,COD,4423.75,13,0,20,374,0,0.19,1,0,0
ORD12415,CUST1206,Electronics,Wallet,4363.69,17,1,30,684,14,0.07,1,0,0
ORD12416,CUST1423,Footwear,UPI,5638.86,17,0,5,454,33,0.07,1,0,0
ORD12417,CUST1374,Electronics,COD,5392.2,0,0,20,355,10,0.16,1,0,1
ORD12418,CUST1052,Beauty,Wallet,3991.65,14,0,30,740,24,0.03,1,0,0
ORD12419,CUST1195,Footwear,Card,5441.26,2,0,0,25,20,0.04,1,0,0
ORD12420,CUST1390,Electronics,Card,3026.1,15,0,30,372,34,0.06,1,0,0
ORD12421,CUST1217,Footwear,Wallet,933.83,1,1,20,185,20,0.04,1,0,0
ORD12422,CUST1261,Apparel,UPI,7303.35,18,0,20,404,0,0.06,1,0,0
ORD12423,CUST1332,Home & Kitchen,Netbanking,7320.59,19,0,20,105,37,0.03,1,0,0
ORD12424,CUST1205,Electronics,UPI,3669.54,19,1,10,537,7,0.15,1,0,0
ORD12425,CUST1222,Home & Kitchen,Wallet,6769.31,10,1,30,255,10,0.12,1,0,1
ORD12426,CUST1324,Footwear,Card,5723.77,15,1,0,735,23,0.85,1,0,1
ORD12427,CUST1090,Electronics,Card,3418.72,0,0,20,784,11,0.1,1,0,0
ORD12428,CUST1097,Footwear,Card,1731.78,0,0,0,521,26,0.24,1,0,0
ORD12429,CUST1486,Apparel,Card,2693.81,16,0,5,641,31,0.17,1,0,1
ORD12430,CUST1273,Footwear,Wallet,1793.87,6,0,30,237,11,0.24,1,0,1
ORD12431,CUST1599,Electronics,Card,3458.89,9,0,10,672,6,0.13,1,0,0
ORD12432,CUST1462,Beauty,Card,379.18,11,0,20,541,5,0.05,1,2,1
ORD12433,CUST1286,Footwear,COD,3446.13,22,0,0,60,13,0.14,1,0,1
ORD12434,CUST1245,Apparel,UPI,244.75,19,0,20,869,1,0.19,1,0,1
ORD12435,CUST1105,Beauty,Netbanking,3449.67,17,0,30,774,15,0.01,1,0,0
ORD12436,CUST1436,Home & Kitchen,COD,3593.09,5,1,0,573,7,0.12,1,0,1
ORD12437,CUST1268,Electronics,COD,3348.04,16,0,0,525,30,0.01,1,0,0
ORD12438,CUST1159,Home & Kitchen,Netbanking,5613.45,3,0,10,819,13,0.23,1,0,0
ORD12439,CUST1038,Electronics,Netbanking,4710.52,16,0,5,147,39,0.05,1,0,0
ORD12440,CUST1299,Footwear,Card,2373.96,14,1,20,780,13,0.01,1,0,0
ORD12441,CUST1436,Beauty,Netbanking,4085.95,16,0,10,573,7,0.12,1,0,0
ORD12442,CUST1081,Apparel,Card,1109.79,1,0,0,629,32,0.23,1,0,0
ORD12443,CUST1474,Beauty,Wallet,3456.52,18,0,0,217,39,0.01,1,0,0
ORD12444,CUST1097,Home & Kitchen,Card,2506.16,11,0,20,521,26,0.24,1,0,1
ORD12445,CUST1471,Home & Kitchen,COD,5114.76,16,1,5,344,19,0.01,1,0,0
ORD12446,CUST1292,Footwear,COD,391.96,18,0,0,787,6,0.23,1,0,0
ORD12447,CUST1588,Beauty,COD,2764.13,8,0,20,384,26,0.2,1,0,0
ORD12448,CUST1085,Apparel,Wallet,1264.99,3,0,0,206,11,0.1,1,3,0
ORD12449,CUST1094,Home & Kitchen,UPI,3000.52,11,0,5,719,7,0.19,1,0,0
ORD12450,CUST1331,Electronics,Card,590.37,7,0,0,384,8,0.76,1,3,1
ORD12451,CUST1564,Home & Kitchen,UPI,7537.86,15,0,30,124,23,0.17,1,0,0
ORD12452,CUST1539,Apparel,COD,725.08,4,1,0,607,7,0.06,1,0,0
ORD12453,CUST1095,Home & Kitchen,Netbanking,5336.72,14,0,0,757,15,0.06,1,0,0
ORD12454,CUST1583,Home & Kitchen,Card,380.69,2,1,10,269,15,0.08,1,0,0
ORD12455,CUST1321,Home & Kitchen,Card,6966.92,18,1,20,286,38,0.05,2,0,1
ORD12456,CUST1335,Beauty,Netbanking,2015.44,12,1,10,518,20,0.12,1,0,0
ORD12457,CUST1487,Footwear,Wallet,2046.83,18,1,30,149,6,0.15,1,0,0
ORD12458,CUST1013,Beauty,Netbanking,3993.61,14,0,30,788,8,0.1,1,0,0
ORD12459,CUST1039,Footwear,UPI,7152.15,2,0,5,453,31,0.22,1,0,0
ORD12460,CUST1277,Apparel,Wallet,4272.25,5,0,20,28,34,0.21,1,0,1
ORD12461,CUST1282,Footwear,Wallet,3644.08,1,0,20,281,40,0.1,1,0,1
ORD12462,CUST1337,Beauty,UPI,2001.11,12,1,0,59,4,0.25,1,0,0
ORD12463,CUST1219,Electronics,COD,1033.68,18,0,0,656,34,0.75,1,0,0
ORD12464,CUST1372,Electronics,COD,946.02,11,0,10,691,31,0.72,1,0,1
ORD12465,CUST1255,Electronics,Netbanking,2324.07,19,0,5,835,11,0.16,1,0,0
ORD12466,CUST1304,Footwear,Card,2674.67,21,0,0,644,27,0.13,1,0,0
ORD12467,CUST1538,Beauty,Card,5829.93,22,1,10,89,2,0.6,1,0,1
ORD12468,CUST1058,Home & Kitchen,UPI,5277.51,5,0,0,224,4,0.11,1,0,0
ORD12469,CUST1154,Home & Kitchen,Wallet,6852.94,17,0,0,214,2,0.14,1,0,0
ORD12470,CUST1158,Home & Kitchen,Netbanking,904.45,2,1,30,244,18,0.75,1,0,0
ORD12471,CUST1315,Home & Kitchen,COD,2792.0,3,0,5,820,31,0.21,1,0,0
ORD12472,CUST1479,Electronics,Wallet,765.86,16,1,0,729,25,0.0,1,0,0
ORD12473,CUST1366,Electronics,COD,4024.7,19,0,10,696,40,0.89,1,0,1
ORD12474,CUST1143,Electronics,COD,6646.93,12,0,20,320,40,0.14,1,0,0
ORD12475,CUST1496,Beauty,Wallet,919.76,0,0,0,808,36,0.07,1,0,0
ORD12476,CUST1118,Footwear,Card,1844.22,4,0,0,400,9,0.09,1,0,0
ORD12477,CUST1350,Beauty,Card,7584.61,4,0,30,81,13,0.07,1,0,0
ORD12478,CUST1310,Apparel,UPI,3648.53,21,0,0,503,7,0.06,1,0,0
ORD12479,CUST1111,Footwear,UPI,399.33,21,0,10,282,17,0.15,1,0,0
ORD12480,CUST1289,Electronics,Netbanking,630.93,18,0,20,25,35,0.08,2,0,0
ORD12481,CUST1013,Footwear,COD,6528.29,23,0,20,788,8,0.1,1,1,1
ORD12482,CUST1525,Footwear,COD,5304.98,7,1,10,330,16,0.23,1,0,1
ORD12483,CUST1031,Beauty,Netbanking,7252.32,11,0,0,755,8,0.2,1,0,0
ORD12484,CUST1427,Footwear,COD,1635.8,10,0,30,411,34,0.01,1,0,0
ORD12485,CUST1505,Footwear,Card,3406.7,15,0,0,799,18,0.06,1,0,0
ORD12486,CUST1271,Beauty,UPI,959.61,19,1,10,210,36,0.21,1,0,0
ORD12487,CUST1061,Beauty,Wallet,326.79,14,1,20,227,28,0.13,1,0,0
ORD12488,CUST1043,Footwear,UPI,7627.98,13,1,0,392,40,0.13,2,0,1
ORD12489,CUST1144,Footwear,Card,6918.09,17,1,30,413,21,0.17,1,0,1
ORD12490,CUST1103,Beauty,UPI,4434.02,5,0,0,419,24,0.01,1,0,0
ORD12491,CUST1385,Home & Kitchen,Card,7656.71,9,0,30,879,16,0.03,1,0,0
ORD12492,CUST1411,Apparel,Wallet,7893.69,18,0,10,189,19,0.06,1,0,1
ORD12493,CUST1129,Electronics,COD,5481.21,23,0,30,303,1,0.16,1,0,0
ORD12494,CUST1543,Beauty,Card,4334.62,10,0,10,433,37,0.85,1,0,0
ORD12495,CUST1539,Apparel,UPI,3808.57,3,0,0,607,7,0.06,1,0,1
ORD12496,CUST1120,Apparel,UPI,687.44,23,1,30,81,34,0.02,1,0,0
ORD12497,CUST1286,Electronics,Wallet,640.46,0,1,30,60,13,0.14,1,0,1
ORD12498,CUST1235,Footwear,Netbanking,461.7,6,0,5,708,17,0.09,1,0,1
ORD12499,CUST1237,Footwear,UPI,1551.12,14,0,20,370,3,0.04,1,0,0
ORD12500,CUST1473,Electronics,Netbanking,6543.68,23,1,30,275,28,0.05,1,0,0
ORD12501,CUST1137,Footwear,UPI,4679.69,11,0,0,431,9,0.06,3,0,1
ORD12502,CUST1146,Beauty,Card,3949.74,9,0,20,814,33,0.19,1,0,0
ORD12503,CUST1244,Beauty,Netbanking,6852.33,0,0,20,365,14,0.03,1,0,0
ORD12504,CUST1541,Electronics,Card,7495.99,7,0,0,420,9,0.68,1,0,1
ORD12505,CUST1596,Apparel,COD,4474.88,0,0,30,767,38,0.74,1,0,0
ORD12506,CUST1079,Electronics,Wallet,503.1,16,0,5,841,23,0.59,1,0,1
ORD12507,CUST1135,Home & Kitchen,COD,2915.67,6,0,0,683,22,0.21,1,0,1
ORD12508,CUST1385,Apparel,COD,4738.92,16,0,30,879,16,0.03,1,0,0
ORD12509,CUST1049,Electronics,Netbanking,5553.23,4,0,5,183,0,0.19,1,0,0
ORD12510,CUST1038,Beauty,COD,4193.07,8,1,5,147,39,0.05,1,0,0
ORD12511,CUST1269,Electronics,UPI,2174.67,10,0,0,353,16,0.1,1,0,0
ORD12512,CUST1217,Apparel,Wallet,7732.48,10,0,5,185,20,0.04,4,0,0
ORD12513,CUST1059,Home & Kitchen,COD,5834.89,10,0,20,144,30,0.6,1,0,0
ORD12514,CUST1404,Electronics,COD,5481.62,12,0,30,33,9,0.21,1,3,1
ORD12515,CUST1448,Apparel,UPI,5857.57,23,0,30,191,39,0.17,1,0,1
ORD12516,CUST1418,Home & Kitchen,Card,5207.62,6,1,0,505,14,0.23,1,0,0
ORD12517,CUST1091,Electronics,Card,3280.98,0,0,20,481,6,0.0,1,0,0
ORD12518,CUST1418,Footwear,Netbanking,683.3,10,0,0,505,14,0.23,1,0,1
ORD12519,CUST1315,Home & Kitchen,UPI,2928.63,9,0,30,820,31,0.21,1,0,1
ORD12520,CUST1535,Apparel,Card,5604.87,16,0,10,195,24,0.71,1,1,0
ORD12521,CUST1260,Footwear,Netbanking,4120.44,8,0,0,277,14,0.06,1,0,0
ORD12522,CUST1285,Apparel,COD,4870.66,11,0,5,889,26,0.12,1,0,0
ORD12523,CUST1222,Apparel,COD,1815.11,5,1,10,255,10,0.12,1,0,0
ORD12524,CUST1109,Footwear,Netbanking,7610.72,6,0,20,762,33,0.2,1,0,0
ORD12525,CUST1337,Electronics,COD,4622.83,4,0,0,59,4,0.25,1,0,0
ORD12526,CUST1432,Beauty,Netbanking,4090.3,15,0,0,440,34,0.15,1,0,0
ORD12527,CUST1503,Apparel,Card,3220.5,12,1,0,396,4,0.2,1,0,0
ORD12528,CUST1211,Home & Kitchen,Card,6648.58,19,0,5,512,3,0.04,1,0,0
ORD12529,CUST1245,Footwear,UPI,5615.86,10,1,0,869,1,0.19,1,0,0
ORD12530,CUST1005,Beauty,UPI,7273.89,8,1,20,532,14,0.16,1,0,0
ORD12531,CUST1480,Footwear,UPI,1307.56,21,1,0,629,24,0.06,1,0,0
ORD12532,CUST1448,Home & Kitchen,COD,2792.67,13,0,0,191,39,0.17,1,0,1
ORD12533,CUST1492,Apparel,UPI,307.79,21,1,10,256,13,0.04,1,0,0
ORD12534,CUST1035,Apparel,Wallet,542.92,7,1,0,595,29,0.11,1,0,1
ORD12535,CUST1013,Beauty,UPI,6801.78,17,0,5,788,8,0.1,1,0,0
ORD12536,CUST1142,Apparel,COD,6015.58,5,0,30,521,14,0.11,1,0,0
ORD12537,CUST1327,Electronics,Netbanking,3034.11,17,1,5,292,7,0.22,1,0,1
ORD12538,CUST1153,Electronics,Card,415.7,0,0,30,20,12,0.1,1,0,0
ORD12539,CUST1442,Footwear,Netbanking,1974.58,16,0,5,298,20,0.21,1,0,0
ORD12540,CUST1270,Home & Kitchen,Netbanking,6864.88,3,1,20,651,16,0.09,1,0,0
ORD12541,CUST1141,Footwear,UPI,1570.95,4,1,10,203,11,0.09,1,0,1
ORD12542,CUST1529,Beauty,Card,1277.44,9,0,30,297,7,0.89,1,0,1
ORD12543,CUST1067,Home & Kitchen,UPI,5505.77,20,0,5,424,25,0.07,1,0,0
ORD12544,CUST1548,Footwear,COD,5642.56,19,0,0,591,36,0.22,1,0,0
ORD12545,CUST1250,Footwear,UPI,3019.58,17,0,0,787,10,0.09,1,0,0
ORD12546,CUST1169,Electronics,Wallet,3785.84,4,1,10,351,19,0.16,1,0,0
ORD12547,CUST1288,Footwear,Netbanking,7980.52,7,1,0,181,1,0.24,1,0,1
ORD12548,CUST1048,Footwear,UPI,6043.97,3,0,5,656,23,0.24,1,0,0
ORD12549,CUST1128,Electronics,Wallet,4118.53,8,1,0,876,18,0.2,1,0,0
ORD12550,CUST1009,Apparel,Wallet,2469.63,15,0,5,215,3,0.12,1,3,1
ORD12551,CUST1047,Home & Kitchen,COD,5647.58,20,0,30,145,3,0.89,1,0,1
ORD12552,CUST1323,Apparel,Netbanking,4141.61,5,0,10,638,22,0.08,1,0,0
ORD12553,CUST1174,Electronics,Netbanking,7127.57,15,1,30,428,21,0.08,1,0,0
ORD12554,CUST1359,Electronics,UPI,4608.85,16,0,20,781,37,0.01,1,0,0
ORD12555,CUST1362,Beauty,Wallet,2123.29,13,0,20,231,16,0.08,1,0,0
ORD12556,CUST1413,Home & Kitchen,UPI,1524.5,21,0,20,251,28,0.05,1,0,0
ORD12557,CUST1090,Electronics,UPI,3988.46,3,0,20,784,11,0.1,1,0,0
ORD12558,CUST1379,Electronics,Netbanking,1228.82,7,0,0,424,33,0.11,1,0,0
ORD12559,CUST1409,Electronics,Netbanking,1050.12,4,0,0,154,13,0.06,1,0,0
ORD12560,CUST1563,Apparel,Netbanking,5212.4,4,1,30,165,34,0.09,1,0,0
ORD12561,CUST1454,Electronics,UPI,1655.31,1,0,0,337,3,0.23,1,0,0
ORD12562,CUST1370,Apparel,Wallet,6721.71,9,0,5,117,13,0.02,1,0,0
ORD12563,CUST1581,Electronics,Netbanking,978.99,13,0,0,42,32,0.63,1,0,1
ORD12564,CUST1111,Beauty,Card,1551.79,0,0,0,282,17,0.15,1,0,1
ORD12565,CUST1473,Footwear,COD,6846.55,1,0,10,275,28,0.05,3,0,0
ORD12566,CUST1180,Apparel,Card,7206.03,20,1,0,675,8,0.08,1,0,1
ORD12567,CUST1170,Beauty,Wallet,6242.82,14,1,20,808,18,0.21,1,0,1
ORD12568,CUST1234,Beauty,Netbanking,2631.88,5,0,5,642,11,0.22,1,0,0
ORD12569,CUST1546,Home & Kitchen,UPI,6648.8,18,0,0,102,11,0.16,1,0,1
ORD12570,CUST1505,Beauty,UPI,6179.27,20,0,30,799,18,0.06,1,0,0
ORD12571,CUST1436,Beauty,COD,2141.27,11,0,0,573,7,0.12,1,0,0
ORD12572,CUST1337,Electronics,Netbanking,3822.81,1,0,0,59,4,0.25,1,0,0
ORD12573,CUST1455,Footwear,COD,7170.59,8,0,5,476,3,0.08,1,0,0
ORD12574,CUST1495,Home & Kitchen,UPI,5494.17,10,0,30,346,13,0.21,1,0,0
ORD12575,CUST1545,Electronics,UPI,6608.16,10,0,5,669,2,0.07,1,0,0
ORD12576,CUST1179,Home & Kitchen,COD,306.22,16,0,20,831,4,0.11,1,0,0
ORD12577,CUST1040,Electronics,UPI,4990.21,20,0,5,442,12,0.22,1,0,0
ORD12578,CUST1554,Apparel,Netbanking,1985.23,21,0,0,643,21,0.16,1,0,1
ORD12579,CUST1478,Footwear,Card,5956.85,7,1,10,232,38,0.19,1,0,0
ORD12580,CUST1520,Beauty,Wallet,5141.75,3,1,5,592,40,0.15,1,0,0
ORD12581,CUST1023,Beauty,COD,4287.22,11,0,20,844,38,0.12,1,0,1
ORD12582,CUST1029,Footwear,Card,4788.46,20,1,0,35,1,0.76,1,2,1
ORD12583,CUST1052,Beauty,Netbanking,7064.26,2,1,5,740,24,0.03,1,0,0
ORD12584,CUST1133,Apparel,Card,1436.02,1,0,20,359,21,0.2,1,0,0
ORD12585,CUST1281,Home & Kitchen,Wallet,1320.19,20,0,0,444,7,0.04,1,0,0
ORD12586,CUST1160,Electronics,COD,5860.15,5,1,20,768,19,0.24,1,0,1
ORD12587,CUST1314,Beauty,COD,308.36,17,1,5,76,6,0.14,1,0,0
ORD12588,CUST1223,Home & Kitchen,UPI,2678.78,7,0,20,324,26,0.12,1,0,0
ORD12589,CUST1383,Apparel,COD,6421.28,10,1,0,548,39,0.09,1,0,0
ORD12590,CUST1455,Footwear,Netbanking,321.13,2,1,0,476,3,0.08,2,0,0
ORD12591,CUST1005,Home & Kitchen,Netbanking,1919.38,16,1,0,532,14,0.16,1,0,0
ORD12592,CUST1213,Apparel,COD,7940.46,21,1,5,701,33,0.19,1,0,1
ORD12593,CUST1204,Footwear,UPI,6879.61,16,0,5,738,15,0.13,1,0,1
ORD12594,CUST1202,Home & Kitchen,Netbanking,7200.47,19,0,30,431,8,0.08,1,0,1
ORD12595,CUST1045,Home & Kitchen,Wallet,7425.61,20,1,5,695,17,0.14,1,0,0
ORD12596,CUST1408,Home & Kitchen,UPI,1375.97,23,0,0,692,22,0.11,1,0,0
ORD12597,CUST1153,Electronics,Wallet,2256.52,21,0,5,20,12,0.1,1,0,0
ORD12598,CUST1484,Apparel,COD,540.05,5,0,20,26,8,0.19,1,0,1
ORD12599,CUST1249,Beauty,Card,5834.7,12,0,0,292,31,0.18,1,0,0
ORD12600,CUST1109,Electronics,Netbanking,1265.1,22,0,5,762,33,0.2,1,0,0
ORD12601,CUST1455,Footwear,Card,3274.49,0,0,20,476,3,0.08,1,0,1
ORD12602,CUST1244,Footwear,Wallet,4104.61,20,0,5,365,14,0.03,1,0,0
ORD12603,CUST1443,Home & Kitchen,Wallet,5120.46,22,0,20,221,28,0.2,1,0,0
ORD12604,CUST1052,Electronics,COD,6253.87,17,0,0,740,24,0.03,1,0,0
ORD12605,CUST1168,Electronics,UPI,1308.46,10,1,30,808,15,0.17,1,0,0
ORD12606,CUST1175,Beauty,Netbanking,4497.08,7,0,5,128,28,0.24,1,0,0
ORD12607,CUST1053,Home & Kitchen,Wallet,3476.24,21,0,10,386,35,0.14,1,0,0
ORD12608,CUST1201,Beauty,Card,1372.71,16,0,20,666,6,0.08,1,0,0
ORD12609,CUST1511,Apparel,COD,923.42,13,0,10,292,1,0.07,1,0,1
ORD12610,CUST1288,Home & Kitchen,Card,6677.86,23,0,30,181,1,0.24,1,0,0
ORD12611,CUST1184,Footwear,Card,1794.62,18,1,0,688,9,0.1,1,1,0
ORD12612,CUST1538,Home & Kitchen,COD,3943.25,5,0,0,89,2,0.6,1,0,0
ORD12613,CUST1097,Footwear,UPI,6451.62,4,0,0,521,26,0.24,1,0,1
ORD12614,CUST1001,Footwear,Card,4071.58,13,0,10,645,39,0.2,1,0,0
ORD12615,CUST1560,Home & Kitchen,COD,982.18,19,1,30,60,23,0.02,1,0,0
ORD12616,CUST1363,Apparel,Card,5195.75,3,0,0,658,18,0.01,1,0,1
ORD12617,CUST1043,Apparel,UPI,4794.02,16,0,0,392,40,0.13,1,0,0
ORD12618,CUST1561,Apparel,Card,3262.61,6,0,5,701,16,0.74,2,0,1
ORD12619,CUST1101,Electronics,COD,7010.66,18,1,5,375,33,0.07,1,0,0
ORD12620,CUST1143,Beauty,Card,1439.33,17,1,0,320,40,0.14,1,0,0
ORD12621,CUST1454,Footwear,UPI,480.63,4,0,5,337,3,0.23,1,0,1
ORD12622,CUST1012,Electronics,Wallet,5418.25,10,0,10,499,11,0.17,1,0,0
ORD12623,CUST1361,Footwear,Wallet,5830.14,10,0,0,436,23,0.1,1,0,1
ORD12624,CUST1225,Home & Kitchen,Card,3635.36,22,0,20,535,2,0.0,1,0,0
ORD12625,CUST1296,Electronics,UPI,3202.55,0,1,20,760,11,0.05,1,0,0
ORD12626,CUST1099,Electronics,COD,3811.04,2,0,5,164,24,0.12,1,0,0
ORD12627,CUST1548,Apparel,COD,1909.45,19,0,30,591,36,0.22,1,0,0
ORD12628,CUST1407,Home & Kitchen,COD,2700.55,0,1,30,789,15,0.07,2,3,1
ORD12629,CUST1333,Home & Kitchen,Wallet,6102.6,15,0,30,810,23,0.0,1,0,0
ORD12630,CUST1271,Apparel,Netbanking,5119.3,8,0,5,210,36,0.21,1,0,1
ORD12631,CUST1520,Apparel,UPI,788.91,12,1,5,592,40,0.15,1,0,0
ORD12632,CUST1226,Home & Kitchen,Netbanking,3023.38,17,0,0,570,19,0.12,1,0,0
ORD12633,CUST1555,Footwear,COD,1953.72,5,0,0,442,14,0.2,1,1,1
ORD12634,CUST1573,Apparel,Netbanking,1312.05,3,0,30,666,18,0.08,1,0,0
ORD12635,CUST1199,Apparel,COD,5777.34,2,1,30,324,22,0.22,1,0,1
ORD12636,CUST1104,Apparel,Card,5098.12,4,1,10,741,20,0.02,1,0,0
ORD12637,CUST1243,Electronics,Card,358.21,9,0,10,855,17,0.13,2,0,1
ORD12638,CUST1582,Home & Kitchen,Card,5233.5,16,1,10,291,15,0.04,1,0,0
ORD12639,CUST1538,Beauty,Netbanking,973.8,19,0,0,89,2,0.6,1,0,0
ORD12640,CUST1545,Footwear,Netbanking,1355.59,3,1,0,669,2,0.07,1,0,1
ORD12641,CUST1479,Electronics,Wallet,4479.81,16,1,10,729,25,0.0,1,0,1
ORD12642,CUST1469,Beauty,Wallet,7716.43,1,0,0,18,24,0.02,1,0,0
ORD12643,CUST1438,Beauty,COD,3553.24,3,0,0,58,5,0.08,1,0,0
ORD12644,CUST1255,Footwear,Wallet,231.81,22,0,5,835,11,0.16,2,0,1
ORD12645,CUST1420,Footwear,COD,5737.18,11,0,5,870,29,0.09,1,0,1
ORD12646,CUST1502,Home & Kitchen,COD,3567.2,0,0,0,332,2,0.15,1,2,0
ORD12647,CUST1487,Electronics,Wallet,2642.35,9,1,10,149,6,0.15,1,0,0
ORD12648,CUST1015,Home & Kitchen,Netbanking,5413.63,20,0,0,21,13,0.05,1,0,1
ORD12649,CUST1581,Beauty,Wallet,7532.07,5,0,5,42,32,0.63,1,0,1
ORD12650,CUST1105,Beauty,Wallet,946.28,0,0,10,774,15,0.01,1,0,0
ORD12651,CUST1129,Footwear,COD,861.55,18,0,30,303,1,0.16,3,0,1
ORD12652,CUST1372,Home & Kitchen,Wallet,7753.87,13,0,30,691,31,0.72,1,0,0
ORD12653,CUST1518,Footwear,UPI,2586.12,9,0,30,560,37,0.01,1,0,1
ORD12654,CUST1293,Apparel,Card,3044.49,21,0,10,639,1,0.0,1,0,0
ORD12655,CUST1203,Electronics,Wallet,6079.2,17,0,10,174,14,0.22,1,0,0
ORD12656,CUST1443,Electronics,Card,5783.86,18,0,30,221,28,0.2,1,0,0
ORD12657,CUST1058,Home & Kitchen,Card,1303.81,2,1,0,224,4,0.11,1,0,0
ORD12658,CUST1159,Beauty,COD,6969.78,1,0,0,819,13,0.23,1,0,0
ORD12659,CUST1328,Beauty,COD,1645.97,18,0,0,466,14,0.23,1,0,0
ORD12660,CUST1434,Home & Kitchen,COD,1557.68,5,0,0,296,10,0.23,1,0,0
ORD12661,CUST1209,Beauty,COD,7035.94,1,1,30,195,15,0.04,1,0,0
ORD12662,CUST1568,Electronics,Netbanking,3312.22,15,0,5,135,23,0.15,1,0,0
ORD12663,CUST1570,Footwear,Card,3341.57,21,1,30,702,30,0.23,1,0,1
ORD12664,CUST1325,Electronics,Wallet,4611.71,11,0,10,273,27,0.09,1,0,0
ORD12665,CUST1081,Beauty,UPI,2621.4,22,0,20,629,32,0.23,1,0,0
ORD12666,CUST1429,Apparel,Card,948.11,4,0,0,65,29,0.01,1,0,0
ORD12667,CUST1530,Electronics,Netbanking,1714.47,3,0,0,735,20,0.12,1,0,0
ORD12668,CUST1181,Footwear,COD,5270.16,15,0,20,607,40,0.2,1,0,1
ORD12669,CUST1473,Apparel,UPI,6022.66,2,0,30,275,28,0.05,2,0,1
ORD12670,CUST1155,Footwear,Netbanking,7553.62,12,0,20,319,20,0.08,1,0,1
ORD12671,CUST1345,Electronics,COD,4943.56,8,0,20,56,13,0.15,1,0,1
ORD12672,CUST1052,Beauty,Card,5387.47,2,0,30,740,24,0.03,1,0,0
ORD12673,CUST1589,Beauty,Wallet,5472.19,21,1,30,575,17,0.2,1,0,0
ORD12674,CUST1155,Home & Kitchen,Netbanking,928.91,3,1,10,319,20,0.08,1,0,0
ORD12675,CUST1327,Footwear,UPI,4537.04,11,0,20,292,7,0.22,1,0,1
ORD12676,CUST1302,Apparel,UPI,2336.01,22,0,5,188,22,0.73,1,0,1
ORD12677,CUST1196,Footwear,Card,7705.3,0,1,10,145,22,0.17,1,0,0
ORD12678,CUST1203,Beauty,UPI,4645.62,20,0,30,174,14,0.22,1,0,0
ORD12679,CUST1332,Electronics,UPI,606.96,6,0,30,105,37,0.03,1,0,0
ORD12680,CUST1306,Footwear,Card,5713.35,10,0,10,385,38,0.14,1,0,0
ORD12681,CUST1043,Apparel,Card,4864.07,6,1,10,392,40,0.13,1,0,1
ORD12682,CUST1584,Footwear,UPI,7245.29,13,1,0,475,4,0.03,1,0,0
ORD12683,CUST1218,Electronics,UPI,5223.33,9,0,20,453,16,0.85,1,0,1
ORD12684,CUST1376,Home & Kitchen,UPI,5538.81,18,1,0,721,25,0.08,1,0,0
ORD12685,CUST1597,Apparel,Netbanking,4945.12,4,1,0,327,2,0.13,1,0,0
ORD12686,CUST1517,Electronics,Wallet,2381.31,11,0,20,655,7,0.71,1,0,0
ORD12687,CUST1425,Apparel,UPI,2909.91,20,1,0,496,38,0.11,1,0,0
ORD12688,CUST1392,Home & Kitchen,UPI,5200.62,3,0,30,564,7,0.14,1,0,1
ORD12689,CUST1028,Electronics,Card,5663.35,11,0,10,144,37,0.01,1,2,1
ORD12690,CUST1528,Beauty,Card,7894.84,8,1,0,277,12,0.17,1,0,0
ORD12691,CUST1129,Beauty,COD,6076.24,9,1,0,303,1,0.16,2,0,1
ORD12692,CUST1398,Home & Kitchen,Wallet,2972.82,23,1,5,498,12,0.02,1,0,0
ORD12693,CUST1358,Home & Kitchen,COD,1568.24,0,1,10,253,23,0.24,1,0,1
ORD12694,CUST1280,Electronics,Card,1145.38,14,0,10,453,11,0.21,1,0,0
ORD12695,CUST1499,Electronics,Card,676.01,3,0,0,364,38,0.18,1,0,0
ORD12696,CUST1358,Apparel,COD,4784.77,14,0,30,253,23,0.24,4,0,1
ORD12697,CUST1020,Home & Kitchen,UPI,1590.79,20,0,0,838,39,0.06,1,0,1
ORD12698,CUST1335,Apparel,UPI,4609.93,21,0,0,518,20,0.12,1,0,0
ORD12699,CUST1556,Footwear,Card,7439.22,12,0,0,689,26,0.07,1,0,0
ORD12700,CUST1078,Apparel,Netbanking,5516.86,7,0,0,413,40,0.17,1,0,1
ORD12701,CUST1376,Home & Kitchen,Netbanking,4674.09,10,0,0,721,25,0.08,2,0,1
ORD12702,CUST1128,Beauty,Wallet,3784.27,18,0,5,876,18,0.2,1,0,0
ORD12703,CUST1320,Beauty,Card,3725.56,10,0,20,442,24,0.0,1,0,0
ORD12704,CUST1190,Footwear,Wallet,2575.96,17,0,5,895,25,0.24,1,0,1
ORD12705,CUST1151,Apparel,Wallet,2045.4,8,0,0,153,8,0.02,1,0,0
ORD12706,CUST1434,Apparel,Card,4443.97,17,0,10,296,10,0.23,1,0,0
ORD12707,CUST1028,Apparel,UPI,7873.38,18,0,5,144,37,0.01,1,0,0
ORD12708,CUST1468,Beauty,Wallet,1530.84,2,0,0,48,5,0.18,1,0,0
ORD12709,CUST1136,Home & Kitchen,Card,7767.14,5,1,0,555,40,0.01,1,0,0
ORD12710,CUST1285,Apparel,Wallet,4024.41,8,0,0,889,26,0.12,1,0,1
ORD12711,CUST1533,Footwear,Wallet,6039.96,1,0,20,513,0,0.12,1,0,0
ORD12712,CUST1266,Beauty,Netbanking,7032.4,6,0,20,256,23,0.08,1,0,0
ORD12713,CUST1403,Home & Kitchen,Card,2213.29,2,0,10,33,6,0.03,1,0,0
ORD12714,CUST1157,Electronics,Card,6275.85,1,0,0,473,7,0.16,1,0,0
ORD12715,CUST1219,Electronics,COD,4300.47,21,1,0,656,34,0.75,1,0,1
ORD12716,CUST1592,Footwear,COD,6556.03,4,0,5,645,5,0.13,1,0,0
ORD12717,CUST1089,Footwear,Wallet,3059.76,21,0,0,416,8,0.22,1,0,1
ORD12718,CUST1346,Apparel,Wallet,7796.32,8,1,0,107,32,0.04,1,0,0
ORD12719,CUST1498,Apparel,Wallet,4343.58,21,0,5,442,11,0.21,1,0,0
ORD12720,CUST1228,Electronics,Wallet,3189.04,1,1,0,473,5,0.23,1,0,1
ORD12721,CUST1127,Electronics,Netbanking,4159.49,20,1,20,554,9,0.21,1,0,0
ORD12722,CUST1042,Apparel,Wallet,5306.14,23,0,5,284,10,0.03,1,0,1
ORD12723,CUST1509,Beauty,COD,3920.87,10,0,10,709,32,0.06,1,0,0
ORD12724,CUST1294,Electronics,Card,1108.74,23,0,10,519,17,0.2,1,0,1
ORD12725,CUST1016,Home & Kitchen,Netbanking,4619.11,6,1,5,44,9,0.05,1,0,0
ORD12726,CUST1540,Home & Kitchen,UPI,5504.14,18,1,20,76,40,0.13,1,0,0
ORD12727,CUST1194,Beauty,UPI,535.13,11,0,20,127,34,0.14,1,0,0
ORD12728,CUST1023,Electronics,Netbanking,1982.71,21,1,10,844,38,0.12,1,0,0
ORD12729,CUST1538,Home & Kitchen,Wallet,4369.4,20,1,10,89,2,0.6,1,0,0
ORD12730,CUST1252,Electronics,Wallet,3331.15,12,0,30,24,25,0.03,1,0,0
ORD12731,CUST1317,Apparel,UPI,4928.86,2,0,0,886,14,0.21,1,0,1
ORD12732,CUST1502,Beauty,COD,997.54,9,0,5,332,2,0.15,1,3,1
ORD12733,CUST1325,Footwear,Netbanking,2299.09,2,0,0,273,27,0.09,1,1,1
ORD12734,CUST1063,Footwear,Netbanking,1967.71,21,0,20,866,39,0.05,1,0,0
ORD12735,CUST1362,Apparel,Netbanking,3762.91,11,0,0,231,16,0.08,1,0,1
ORD12736,CUST1014,Electronics,UPI,4190.88,13,0,10,1,17,0.22,1,0,0
ORD12737,CUST1065,Home & Kitchen,COD,1619.52,18,0,30,29,34,0.24,1,0,1
ORD12738,CUST1275,Home & Kitchen,Wallet,3645.42,23,1,0,696,8,0.01,1,0,0
ORD12739,CUST1521,Home & Kitchen,COD,7195.8,0,0,20,619,4,0.63,1,0,1
ORD12740,CUST1138,Apparel,Wallet,5370.23,18,1,5,329,13,0.1,1,0,0
ORD12741,CUST1307,Electronics,UPI,1468.49,19,1,0,463,28,0.65,1,2,0
ORD12742,CUST1285,Apparel,UPI,6823.35,10,0,0,889,26,0.12,1,0,1
ORD12743,CUST1509,Electronics,Wallet,3544.47,22,0,0,709,32,0.06,1,0,1
ORD12744,CUST1466,Beauty,Card,5817.53,5,1,10,276,29,0.17,1,0,0
ORD12745,CUST1513,Home & Kitchen,Wallet,3371.98,22,0,20,474,23,0.19,1,0,0
ORD12746,CUST1346,Electronics,Card,7147.8,2,1,0,107,32,0.04,1,0,0
ORD12747,CUST1589,Beauty,Netbanking,5324.03,5,0,0,575,17,0.2,1,0,0
ORD12748,CUST1423,Apparel,COD,3235.96,22,1,10,454,33,0.07,1,0,0
ORD12749,CUST1128,Footwear,Netbanking,1639.18,8,0,10,876,18,0.2,1,0,1
ORD12750,CUST1045,Beauty,Netbanking,4799.56,16,1,20,695,17,0.14,1,0,0
ORD12751,CUST1529,Footwear,Card,6481.3,12,1,20,297,7,0.89,1,0,1
ORD12752,CUST1023,Home & Kitchen,Netbanking,3371.3,16,0,30,844,38,0.12,1,1,1
ORD12753,CUST1203,Beauty,Wallet,1296.68,20,1,0,174,14,0.22,1,0,0
ORD12754,CUST1296,Beauty,COD,5874.8,0,0,5,760,11,0.05,1,0,0
ORD12755,CUST1538,Footwear,Netbanking,6560.77,17,0,10,89,2,0.6,1,0,1
ORD12756,CUST1285,Beauty,COD,5186.1,1,0,0,889,26,0.12,1,0,0
ORD12757,CUST1501,Footwear,COD,5916.8,20,0,0,713,4,0.19,1,3,1
ORD12758,CUST1280,Apparel,Card,7863.11,21,0,20,453,11,0.21,2,1,1
ORD12759,CUST1412,Electronics,Netbanking,1846.68,10,0,10,691,2,0.2,1,0,0
ORD12760,CUST1096,Home & Kitchen,Card,5650.99,10,1,10,385,0,0.02,1,0,0
ORD12761,CUST1520,Apparel,Card,6472.44,22,0,10,592,40,0.15,1,0,0
ORD12762,CUST1523,Home & Kitchen,Netbanking,7690.55,2,1,0,230,10,0.01,1,0,0
ORD12763,CUST1049,Beauty,Card,5410.86,19,0,0,183,0,0.19,1,0,0
ORD12764,CUST1393,Beauty,UPI,4376.22,18,0,5,3,6,0.23,1,0,1
ORD12765,CUST1304,Apparel,Wallet,4610.49,11,1,5,644,27,0.13,1,0,1
ORD12766,CUST1261,Home & Kitchen,COD,1781.98,11,0,20,404,0,0.06,1,0,1
ORD12767,CUST1171,Beauty,Card,7639.39,2,1,0,306,35,0.06,1,0,0
ORD12768,CUST1098,Apparel,Netbanking,4505.12,13,0,0,829,4,0.14,1,0,0
ORD12769,CUST1236,Apparel,Netbanking,7465.9,3,1,5,269,32,0.1,3,0,1
ORD12770,CUST1302,Apparel,UPI,488.75,11,0,0,188,22,0.73,1,0,0
ORD12771,CUST1250,Beauty,COD,7772.09,6,0,30,787,10,0.09,1,0,0
ORD12772,CUST1296,Apparel,UPI,5742.81,4,0,10,760,11,0.05,1,0,0
ORD12773,CUST1527,Electronics,Netbanking,5726.44,3,0,20,397,11,0.1,1,0,0
ORD12774,CUST1073,Electronics,UPI,5514.44,6,0,20,552,13,0.22,1,0,0
ORD12775,CUST1110,Home & Kitchen,Wallet,2430.13,18,1,10,493,7,0.13,1,0,0
ORD12776,CUST1467,Apparel,Netbanking,5907.53,13,0,0,587,15,0.1,1,0,0
ORD12777,CUST1040,Electronics,Netbanking,285.91,17,0,0,442,12,0.22,1,0,0
ORD12778,CUST1331,Apparel,COD,4965.31,23,0,5,384,8,0.76,1,0,1
ORD12779,CUST1007,Home & Kitchen,Card,4198.1,6,0,30,323,14,0.13,1,0,0
ORD12780,CUST1324,Apparel,Card,5423.85,4,1,30,735,23,0.85,1,0,1
ORD12781,CUST1453,Beauty,Netbanking,6894.58,16,0,0,280,11,0.01,1,0,0
ORD12782,CUST1036,Electronics,COD,7162.83,23,0,0,31,19,0.15,1,0,0
ORD12783,CUST1573,Apparel,COD,4892.22,2,0,0,666,18,0.08,2,0,0
ORD12784,CUST1434,Beauty,Card,915.11,12,1,10,296,10,0.23,1,0,0
ORD12785,CUST1100,Apparel,Card,306.14,22,0,0,60,27,0.24,1,0,0
ORD12786,CUST1068,Beauty,Card,2742.08,0,0,20,836,30,0.13,1,0,0
ORD12787,CUST1255,Beauty,COD,200.99,21,0,0,835,11,0.16,1,0,0
ORD12788,CUST1023,Home & Kitchen,Card,1654.77,7,1,30,844,38,0.12,1,0,0
ORD12789,CUST1559,Home & Kitchen,Netbanking,1491.64,5,0,30,188,34,0.18,1,0,0
ORD12790,CUST1408,Apparel,COD,4141.74,17,1,20,692,22,0.11,1,0,1
ORD12791,CUST1552,Apparel,Card,7804.05,22,0,0,192,23,0.13,1,0,0
ORD12792,CUST1338,Apparel,Card,3351.35,17,1,5,531,37,0.05,1,0,0
ORD12793,CUST1435,Footwear,Wallet,4018.25,22,0,20,719,21,0.07,1,0,0
ORD12794,CUST1576,Home & Kitchen,Card,3049.53,21,0,0,53,18,0.23,1,0,1
ORD12795,CUST1313,Beauty,UPI,686.38,6,0,0,550,0,0.22,1,0,0
ORD12796,CUST1052,Home & Kitchen,COD,7134.92,9,1,5,740,24,0.03,1,0,0
ORD12797,CUST1396,Home & Kitchen,Netbanking,7343.97,17,1,30,534,34,0.02,1,0,0
ORD12798,CUST1408,Electronics,Netbanking,7360.25,22,1,10,692,22,0.11,1,0,0
ORD12799,CUST1477,Apparel,Netbanking,1335.96,20,1,0,619,38,0.78,1,0,1
ORD12800,CUST1570,Beauty,Card,5852.6,13,0,0,702,30,0.23,1,0,0
ORD12801,CUST1523,Apparel,COD,5469.85,2,0,0,230,10,0.01,1,0,1
ORD12802,CUST1110,Footwear,Netbanking,4875.51,6,0,5,493,7,0.13,1,0,0
ORD12803,CUST1323,Footwear,Wallet,4472.53,17,0,10,638,22,0.08,1,0,0
ORD12804,CUST1417,Home & Kitchen,Card,5491.52,19,1,20,390,4,0.11,1,0,0
ORD12805,CUST1045,Apparel,Card,3340.58,0,0,5,695,17,0.14,1,0,1
ORD12806,CUST1205,Beauty,Netbanking,2870.32,14,0,0,537,7,0.15,1,0,0
ORD12807,CUST1427,Footwear,Card,931.73,7,0,20,411,34,0.01,1,2,1
ORD12808,CUST1474,Home & Kitchen,UPI,634.07,7,0,0,217,39,0.01,1,0,0
ORD12809,CUST1593,Home & Kitchen,COD,402.86,0,1,0,69,22,0.17,1,0,0
ORD12810,CUST1500,Footwear,Card,7062.49,5,1,0,232,30,0.09,1,0,1
ORD12811,CUST1437,Beauty,Wallet,3232.68,22,0,10,2,31,0.1,2,0,1
ORD12812,CUST1128,Apparel,UPI,6425.79,14,1,10,876,18,0.2,1,0,0
ORD12813,CUST1233,Apparel,Wallet,1109.43,12,1,10,410,13,0.15,1,0,1
ORD12814,CUST1147,Electronics,Wallet,1952.38,17,0,10,12,30,0.23,1,0,1
ORD12815,CUST1557,Apparel,Netbanking,5639.34,9,0,30,801,29,0.13,1,0,0
ORD12816,CUST1249,Apparel,COD,1761.49,15,0,20,292,31,0.18,1,0,0
ORD12817,CUST1084,Electronics,Card,2006.26,8,0,20,364,27,0.05,1,0,0
ORD12818,CUST1328,Home & Kitchen,UPI,3018.4,0,1,10,466,14,0.23,1,0,0
ORD12819,CUST1008,Home & Kitchen,UPI,4763.18,20,0,10,111,18,0.69,1,0,1
ORD12820,CUST1340,Apparel,COD,6509.08,9,1,10,260,30,0.19,1,0,1
ORD12821,CUST1114,Home & Kitchen,Wallet,6944.25,1,1,0,39,6,0.63,1,0,1
ORD12822,CUST1442,Beauty,Card,7820.81,1,0,20,298,20,0.21,1,0,0
ORD12823,CUST1456,Apparel,Card,3171.77,21,0,5,37,6,0.22,1,0,1
ORD12824,CUST1072,Footwear,UPI,1572.37,21,0,10,544,27,0.01,1,0,1
ORD12825,CUST1577,Home & Kitchen,Netbanking,6693.45,1,0,10,112,35,0.01,1,0,0
ORD12826,CUST1053,Electronics,UPI,296.62,8,1,0,386,35,0.14,1,0,1
ORD12827,CUST1314,Apparel,UPI,5149.0,13,0,0,76,6,0.14,1,0,0
ORD12828,CUST1008,Beauty,Netbanking,1244.53,18,0,10,111,18,0.69,1,0,1
ORD12829,CUST1402,Electronics,COD,4808.85,13,1,20,628,20,0.23,1,0,0
ORD12830,CUST1463,Home & Kitchen,Wallet,1720.73,3,0,0,565,17,0.2,1,0,0
ORD12831,CUST1144,Home & Kitchen,Netbanking,3141.56,16,0,10,413,21,0.17,1,0,0
ORD12832,CUST1575,Electronics,Wallet,6322.52,17,0,0,768,4,0.14,1,0,0
ORD12833,CUST1155,Apparel,UPI,2336.82,15,0,5,319,20,0.08,1,0,1
ORD12834,CUST1265,Home & Kitchen,Wallet,3073.84,6,0,20,379,26,0.07,1,0,0
ORD12835,CUST1422,Footwear,COD,6221.16,18,0,0,329,11,0.15,1,0,0
ORD12836,CUST1459,Footwear,UPI,5286.65,10,0,30,655,34,0.1,1,0,1
ORD12837,CUST1580,Footwear,Netbanking,5496.84,12,0,30,469,39,0.05,1,0,0
ORD12838,CUST1230,Electronics,Card,5811.04,13,0,10,352,36,0.17,1,0,0
ORD12839,CUST1009,Footwear,Netbanking,3904.25,9,1,10,215,3,0.12,1,1,0
ORD12840,CUST1191,Apparel,Card,235.5,8,0,20,559,19,0.16,2,0,1
ORD12841,CUST1351,Electronics,UPI,2309.85,17,0,5,501,13,0.16,1,0,0
ORD12842,CUST1558,Apparel,Card,4960.97,9,0,5,208,8,0.15,1,0,0
ORD12843,CUST1130,Home & Kitchen,Netbanking,373.68,23,1,0,807,34,0.02,1,0,1
ORD12844,CUST1055,Home & Kitchen,UPI,3821.43,6,0,20,658,7,0.05,1,0,0
ORD12845,CUST1499,Beauty,Card,1894.3,8,0,20,364,38,0.18,1,0,0
ORD12846,CUST1410,Beauty,Card,7146.97,13,1,30,244,39,0.07,1,0,0
ORD12847,CUST1526,Electronics,Netbanking,425.63,8,0,10,7,2,0.22,1,0,0
ORD12848,CUST1271,Electronics,UPI,968.38,7,0,0,210,36,0.21,1,0,0
ORD12849,CUST1579,Electronics,UPI,6014.4,13,1,30,315,26,0.05,1,0,0
ORD12850,CUST1088,Home & Kitchen,Netbanking,5570.78,6,0,20,350,16,0.07,1,0,1
ORD12851,CUST1563,Electronics,UPI,5816.86,20,0,5,165,34,0.09,1,0,0
ORD12852,CUST1566,Beauty,Netbanking,778.51,10,1,10,793,18,0.16,1,0,1
ORD12853,CUST1023,Home & Kitchen,COD,7962.81,14,0,5,844,38,0.12,1,0,0
ORD12854,CUST1148,Apparel,Netbanking,3159.06,18,0,30,896,10,0.1,1,0,1
ORD12855,CUST1544,Footwear,UPI,5890.13,14,0,0,165,24,0.2,1,0,0
ORD12856,CUST1103,Electronics,Card,6452.05,3,0,0,419,24,0.01,1,0,0
ORD12857,CUST1195,Apparel,COD,4557.31,8,1,0,25,20,0.04,1,0,1
ORD12858,CUST1106,Home & Kitchen,Wallet,2169.97,13,0,20,148,15,0.15,1,0,0
ORD12859,CUST1204,Electronics,Wallet,4580.41,18,0,0,738,15,0.13,1,0,0
ORD12860,CUST1579,Beauty,COD,5528.88,17,0,30,315,26,0.05,1,0,0
ORD12861,CUST1595,Home & Kitchen,UPI,5355.06,12,0,10,798,20,0.12,1,0,0
ORD12862,CUST1041,Apparel,Netbanking,3144.05,15,1,10,140,8,0.12,1,0,1
ORD12863,CUST1217,Apparel,Netbanking,5597.05,14,0,0,185,20,0.04,4,0,0
ORD12864,CUST1426,Footwear,COD,2268.88,2,0,0,196,9,0.24,1,0,1
ORD12865,CUST1418,Home & Kitchen,Wallet,4346.86,14,0,10,505,14,0.23,1,0,0
ORD12866,CUST1112,Electronics,COD,4268.58,4,0,20,286,15,0.05,1,0,1
ORD12867,CUST1288,Footwear,COD,6305.25,8,0,0,181,1,0.24,1,0,1
ORD12868,CUST1177,Footwear,Netbanking,7621.79,10,0,10,838,21,0.15,1,0,1
ORD12869,CUST1526,Beauty,UPI,5118.42,19,0,0,7,2,0.22,1,0,0
ORD12870,CUST1226,Footwear,Wallet,4672.36,6,0,30,570,19,0.12,1,0,1
ORD12871,CUST1189,Electronics,Netbanking,6777.16,2,1,5,313,37,0.22,1,0,1
ORD12872,CUST1397,Footwear,UPI,4494.54,7,0,30,363,39,0.12,1,0,0
ORD12873,CUST1209,Home & Kitchen,Wallet,2909.07,10,0,20,195,15,0.04,1,0,0
ORD12874,CUST1014,Footwear,Wallet,5987.73,11,0,30,1,17,0.22,1,0,0
ORD12875,CUST1197,Electronics,UPI,1068.88,23,1,30,322,19,0.08,1,0,1
ORD12876,CUST1239,Electronics,COD,4886.16,5,0,5,391,20,0.06,1,0,0
ORD12877,CUST1115,Beauty,UPI,2514.57,4,0,30,165,35,0.06,1,1,0
ORD12878,CUST1314,Electronics,Card,6718.65,21,0,5,76,6,0.14,1,0,1
ORD12879,CUST1545,Home & Kitchen,UPI,7674.14,15,1,10,669,2,0.07,1,0,0
ORD12880,CUST1221,Electronics,Netbanking,3025.39,18,0,10,784,37,0.12,1,0,0
ORD12881,CUST1403,Beauty,Wallet,6004.72,17,0,20,33,6,0.03,1,0,0
ORD12882,CUST1023,Apparel,Wallet,2422.38,1,0,10,844,38,0.12,1,0,1
ORD12883,CUST1354,Footwear,Wallet,7507.67,3,1,10,462,7,0.01,1,0,1
ORD12884,CUST1491,Home & Kitchen,Wallet,766.12,15,0,0,674,25,0.04,1,0,1
ORD12885,CUST1387,Home & Kitchen,UPI,4473.65,5,0,30,30,18,0.2,1,0,0
ORD12886,CUST1015,Beauty,Card,5542.33,13,0,0,21,13,0.05,1,0,0
ORD12887,CUST1506,Home & Kitchen,UPI,5732.7,18,0,10,300,19,0.64,1,3,0
ORD12888,CUST1193,Home & Kitchen,UPI,1589.83,12,0,20,765,26,0.14,1,0,0
ORD12889,CUST1038,Beauty,Card,7176.57,18,1,0,147,39,0.05,1,0,0
ORD12890,CUST1016,Apparel,Card,262.45,19,1,10,44,9,0.05,1,0,1
ORD12891,CUST1506,Home & Kitchen,UPI,922.25,11,1,10,300,19,0.64,1,3,0
ORD12892,CUST1001,Footwear,UPI,7848.62,9,0,5,645,39,0.2,1,0,1
ORD12893,CUST1480,Beauty,Card,5763.91,15,0,20,629,24,0.06,1,0,0
ORD12894,CUST1110,Apparel,UPI,2179.21,22,0,0,493,7,0.13,1,0,0
ORD12895,CUST1009,Footwear,Card,724.72,22,0,0,215,3,0.12,1,0,0
ORD12896,CUST1408,Apparel,Wallet,882.6,15,1,30,692,22,0.11,1,0,1
ORD12897,CUST1242,Apparel,UPI,7786.4,10,0,20,562,16,0.08,1,0,0
ORD12898,CUST1563,Footwear,UPI,6163.39,13,0,5,165,34,0.09,1,0,0
ORD12899,CUST1584,Footwear,COD,2904.78,3,1,10,475,4,0.03,1,0,0
ORD12900,CUST1467,Apparel,COD,3511.51,12,1,5,587,15,0.1,1,0,1
ORD12901,CUST1267,Home & Kitchen,COD,5016.07,18,0,20,65,4,0.2,1,0,1
ORD12902,CUST1354,Apparel,Card,6043.07,16,0,20,462,7,0.01,1,0,0
ORD12903,CUST1251,Apparel,Wallet,6011.36,16,0,0,433,9,0.12,1,0,1
ORD12904,CUST1338,Footwear,Netbanking,2808.79,13,0,0,531,37,0.05,1,0,1
ORD12905,CUST1356,Apparel,Wallet,4027.97,4,0,20,322,23,0.12,1,0,0
ORD12906,CUST1231,Apparel,Netbanking,1178.96,8,1,5,474,25,0.23,1,2,1
ORD12907,CUST1155,Footwear,Card,2526.45,13,0,5,319,20,0.08,1,0,1
ORD12908,CUST1359,Electronics,Card,3364.23,3,0,0,781,37,0.01,1,0,0
ORD12909,CUST1016,Home & Kitchen,Card,4751.81,11,0,0,44,9,0.05,1,0,0
ORD12910,CUST1557,Apparel,UPI,1046.26,3,0,0,801,29,0.13,1,0,0
ORD12911,CUST1218,Apparel,Card,1908.28,5,0,0,453,16,0.85,1,0,0
ORD12912,CUST1149,Apparel,Wallet,2032.57,19,0,5,830,33,0.03,1,0,1
ORD12913,CUST1256,Home & Kitchen,UPI,6612.25,2,1,0,32,36,0.18,1,0,0
ORD12914,CUST1557,Electronics,Netbanking,1525.36,16,0,0,801,29,0.13,1,0,0
ORD12915,CUST1234,Home & Kitchen,Netbanking,593.37,8,1,0,642,11,0.22,1,0,0
ORD12916,CUST1269,Home & Kitchen,Card,392.98,8,1,10,353,16,0.1,1,0,0
ORD12917,CUST1359,Apparel,Wallet,3225.13,16,1,0,781,37,0.01,1,0,0
ORD12918,CUST1533,Apparel,Netbanking,1383.32,4,0,10,513,0,0.12,1,0,0
ORD12919,CUST1470,Footwear,UPI,5261.05,10,1,5,252,31,0.25,1,0,1
ORD12920,CUST1131,Beauty,COD,3771.1,11,0,5,87,1,0.16,1,0,1
ORD12921,CUST1282,Apparel,Card,1427.51,8,0,20,281,40,0.1,1,0,0
ORD12922,CUST1261,Apparel,Card,4600.3,19,1,20,404,0,0.06,1,0,0
ORD12923,CUST1395,Apparel,Netbanking,2139.81,4,1,0,585,9,0.25,1,1,0
ORD12924,CUST1202,Beauty,Card,6598.26,12,0,10,431,8,0.08,1,0,0
ORD12925,CUST1118,Electronics,Wallet,7380.93,20,0,10,400,9,0.09,1,0,0
ORD12926,CUST1394,Apparel,Card,5864.38,6,0,0,363,9,0.02,1,0,0
ORD12927,CUST1192,Home & Kitchen,Card,6397.14,22,0,20,749,23,0.22,1,0,0
ORD12928,CUST1095,Footwear,COD,3607.97,1,0,5,757,15,0.06,4,0,1
ORD12929,CUST1453,Electronics,UPI,4438.05,16,0,5,280,11,0.01,1,0,1
ORD12930,CUST1503,Electronics,Netbanking,6425.18,14,0,0,396,4,0.2,1,0,0
ORD12931,CUST1216,Footwear,COD,2653.41,2,1,10,268,2,0.05,1,0,0
ORD12932,CUST1364,Home & Kitchen,Card,2642.39,14,0,5,566,8,0.23,1,2,0
ORD12933,CUST1571,Electronics,Card,457.75,17,0,10,121,2,0.18,1,0,1
ORD12934,CUST1468,Footwear,Card,6631.06,7,0,10,48,5,0.18,1,0,1
ORD12935,CUST1197,Home & Kitchen,UPI,5427.38,22,0,30,322,19,0.08,1,0,0
ORD12936,CUST1149,Footwear,UPI,3814.73,1,0,30,830,33,0.03,1,0,0
ORD12937,CUST1132,Electronics,Wallet,5863.67,16,1,30,252,14,0.12,1,0,1
ORD12938,CUST1327,Beauty,UPI,5599.63,17,0,10,292,7,0.22,1,0,0
ORD12939,CUST1263,Home & Kitchen,COD,2746.59,1,0,30,107,1,0.08,1,0,1
ORD12940,CUST1158,Electronics,UPI,7154.58,21,1,20,244,18,0.75,1,0,1
ORD12941,CUST1401,Electronics,Wallet,3822.27,12,0,20,21,38,0.12,1,0,0
ORD12942,CUST1425,Footwear,Card,1002.26,8,1,20,496,38,0.11,1,0,0
ORD12943,CUST1591,Apparel,Netbanking,4603.29,0,0,0,310,37,0.09,1,0,1
ORD12944,CUST1213,Home & Kitchen,Card,547.81,22,0,20,701,33,0.19,1,0,0
ORD12945,CUST1184,Apparel,COD,5397.16,13,0,30,688,9,0.1,1,0,1
ORD12946,CUST1362,Home & Kitchen,Card,6549.18,16,0,0,231,16,0.08,1,0,0
ORD12947,CUST1599,Electronics,Card,5452.62,14,0,0,672,6,0.13,1,0,0
ORD12948,CUST1324,Home & Kitchen,Netbanking,3718.6,1,1,0,735,23,0.85,1,0,1
ORD12949,CUST1491,Beauty,Netbanking,7279.32,11,0,10,674,25,0.04,1,0,0
ORD12950,CUST1128,Apparel,Card,386.15,14,0,30,876,18,0.2,1,0,1
ORD12951,CUST1374,Apparel,Card,3822.38,10,0,20,355,10,0.16,1,0,0
ORD12952,CUST1221,Footwear,COD,7199.66,3,0,30,784,37,0.12,1,0,0
ORD12953,CUST1285,Electronics,Netbanking,6094.82,12,0,10,889,26,0.12,1,0,0
ORD12954,CUST1039,Home & Kitchen,UPI,6155.79,2,0,30,453,31,0.22,1,0,0
ORD12955,CUST1523,Home & Kitchen,Netbanking,2866.83,3,0,0,230,10,0.01,1,0,1
ORD12956,CUST1193,Footwear,Card,3847.96,23,0,20,765,26,0.14,1,0,1
ORD12957,CUST1050,Apparel,UPI,4842.78,14,1,0,798,22,0.13,3,0,1
ORD12958,CUST1245,Home & Kitchen,UPI,4532.52,21,0,10,869,1,0.19,1,0,1
ORD12959,CUST1114,Electronics,COD,4191.97,9,0,30,39,6,0.63,1,0,1
ORD12960,CUST1541,Apparel,Wallet,2258.4,9,0,10,420,9,0.68,1,0,0
ORD12961,CUST1486,Beauty,COD,2492.03,3,1,20,641,31,0.17,1,0,0
ORD12962,CUST1269,Beauty,COD,1613.01,2,0,0,353,16,0.1,1,0,0
ORD12963,CUST1092,Beauty,COD,4547.55,1,0,10,238,17,0.24,1,0,0
ORD12964,CUST1121,Footwear,Wallet,353.36,4,0,20,307,0,0.02,1,0,0
ORD12965,CUST1172,Footwear,UPI,3099.16,1,1,20,203,33,0.25,1,0,0
ORD12966,CUST1268,Apparel,Wallet,7846.92,10,0,30,525,30,0.01,1,0,1
ORD12967,CUST1598,Footwear,Wallet,1947.47,3,0,20,638,36,0.03,1,0,0
ORD12968,CUST1417,Apparel,UPI,5457.32,17,1,0,390,4,0.11,3,0,1
ORD12969,CUST1480,Home & Kitchen,UPI,4671.69,5,0,0,629,24,0.06,1,0,0
ORD12970,CUST1035,Footwear,Wallet,1381.27,9,0,5,595,29,0.11,1,0,0
ORD12971,CUST1038,Apparel,Card,1350.5,20,0,20,147,39,0.05,1,0,0
ORD12972,CUST1085,Home & Kitchen,COD,6712.54,14,0,0,206,11,0.1,1,3,1
ORD12973,CUST1024,Beauty,Card,4525.27,22,0,20,130,14,0.12,1,0,0
ORD12974,CUST1573,Apparel,Card,1078.11,8,0,5,666,18,0.08,1,0,1
ORD12975,CUST1252,Footwear,Card,4873.26,0,0,20,24,25,0.03,1,0,0
ORD12976,CUST1112,Footwear,Wallet,1464.41,1,1,0,286,15,0.05,1,0,1
ORD12977,CUST1129,Electronics,Card,5541.49,19,0,20,303,1,0.16,1,0,1
ORD12978,CUST1428,Apparel,COD,6408.08,18,0,0,217,1,0.01,1,0,1
ORD12979,CUST1056,Electronics,Wallet,1932.91,9,1,20,550,20,0.07,1,0,0
ORD12980,CUST1204,Footwear,Wallet,510.06,8,1,0,738,15,0.13,1,0,0
ORD12981,CUST1467,Footwear,Wallet,2448.45,8,0,0,587,15,0.1,1,0,0
ORD12982,CUST1257,Electronics,UPI,2993.58,17,0,20,556,26,0.15,1,1,0
ORD12983,CUST1367,Electronics,COD,6617.53,0,0,5,452,8,0.09,1,0,0
ORD12984,CUST1302,Footwear,Card,5812.39,22,1,10,188,22,0.73,1,0,1
ORD12985,CUST1468,Home & Kitchen,COD,3436.65,20,1,0,48,5,0.18,1,0,0
ORD12986,CUST1133,Apparel,UPI,5948.21,1,0,0,359,21,0.2,1,0,1
ORD12987,CUST1556,Footwear,Card,5867.77,1,0,20,689,26,0.07,1,0,0
ORD12988,CUST1140,Electronics,Wallet,3730.07,17,0,0,64,29,0.0,1,0,0
ORD12989,CUST1367,Beauty,Card,3901.98,21,0,30,452,8,0.09,1,0,0
ORD12990,CUST1301,Footwear,UPI,4699.22,2,0,5,723,11,0.2,1,0,1
ORD12991,CUST1395,Apparel,Netbanking,684.28,8,1,20,585,9,0.25,1,3,0
ORD12992,CUST1139,Footwear,COD,4716.19,5,0,10,483,19,0.18,1,0,1
ORD12993,CUST1230,Beauty,UPI,6798.21,6,0,0,352,36,0.17,1,0,0
ORD12994,CUST1096,Beauty,COD,6954.24,23,0,10,385,0,0.02,1,0,0
ORD12995,CUST1125,Home & Kitchen,COD,1918.62,18,1,20,410,33,0.06,1,0,0
ORD12996,CUST1057,Apparel,Wallet,3602.83,18,0,5,39,28,0.09,2,0,1
ORD12997,CUST1027,Beauty,Card,735.29,1,0,0,142,28,0.25,1,0,0
ORD12998,CUST1284,Electronics,COD,2261.3,17,0,20,687,5,0.0,1,0,0
ORD12999,CUST1423,Home & Kitchen,COD,3643.85,14,0,20,454,33,0.07,1,0,0
